:1000000020200020552C0000B5670000412C000086
:10001000412C0000412C0000412C00000000000099
:10002000000000000000000000000000312D000072
:10003000412C000000000000F12E0000412C0000C7
:100040005D2F00005D2F00005D2F00005D2F000080
:100050005D2F00005D2F00005D2F00005D2F000070
:100060005D2F00005D2F00005D2F00005D2F000060
:100070005D2F00005D2F00005D2F00005D2F000050
:100080005D2F00005D2F00005D2F00005D2F000040
:100090005D2F00005D2F00005D2F00005D2F000030
:1000A0005D2F00005D2F00005D2F00005D2F000020
:1000B0005D2F00005D2F00005D2F00005D2F000010
:1000C0005D2F00005D2F00005D2F00005D2F000000
:0C00D0005D2F00005D2F00005D2F000080
:1000E0004FEA4102B2F1E04324BFB3F5001CDCF15A
:1000F000FE5C0DD901F0004C4FEAC0024CEA507092
:10010000B2F1004F40EB830008BF20F001007047C0
:1001100011F0804F21D113F13872BCBF01F00040C3
:10012000704741F480114FEA5252C2F11802C2F1F5
:10013000200C10FA0CF320FA02F018BF40F0010076
:100140004FEAC1234FEAD32303FA0CFC40EA0C0028
:1001500023FA02F34FEA4303CCE77FEA625307D165
:1001600050EA01331EBF4FF0FE4040F4400070479C
:1001700001F0004040F0FE4040F40000704700BF36
:1001800080F0004002E000BF81F0004142001FBF4C
:100190005FEA410392EA030F7FEA226C7FEA236C55
:1001A0006AD04FEA1262D2EB1363C1BFD21841404A
:1001B00048404140B8BF5B42192B88BF704710F0E0
:1001C000004F40F4000020F07F4018BF404211F083
:1001D000004F41F4000121F07F4118BF494292EAEB
:1001E000030F3FD0A2F1010241FA03FC10EB0C0017
:1001F000C3F1200301FA03F100F0004302D54942A4
:1002000060EB4000B0F5000F13D3B0F1807F06D350
:1002100040084FEA310102F10102FE2A51D2B1F148
:10022000004F40EBC25008BF20F0010040EA03003D
:100230007047490040EB0000013A28BFB0F5000FBD
:10024000EDD2B0FA80FCACF1080CB2EB0C0200FA73
:100250000CF0AABF00EBC25052421843BCBFD040C2
:100260001843704792F0000F81F4000106BF80F43C
:1002700000000132013BB5E74FEA41037FEA226CFF
:1002800018BF7FEA236C21D092EA030F04D092F0CA
:10029000000F08BF0846704790EA010F1CBF0020FE
:1002A000704712F07F4F04D1400028BF40F000405B
:1002B000704712F100723CBF00F50000704700F07B
:1002C000004343F0FE4040F4000070477FEA2262A2
:1002D00016BF08467FEA23630146420206BF5FEA73
:1002E000412390EA010F40F4800070474FF0000373
:1002F00004E000BF10F0004348BF40425FEA000C3A
:1003000008BF704743F0964301464FF000001CE0E1
:1003100050EA010208BF70474FF000030AE000BF37
:1003200050EA010208BF704711F0004302D5404275
:1003300061EB41015FEA010C02BF844601460020E7
:1003400043F0B64308BFA3F18053A3F50003BCFA02
:100350008CF2083AA3EBC25310DB01FA02FC6344AF
:1003600000FA02FCC2F12002BCF1004F20FA02F2B6
:1003700043EB020008BF20F00100704702F12002A9
:1003800001FA02FCC2F1200250EA4C0021FA02F20A
:1003900043EB020008BF20EADC7070474FF0FF0C0F
:1003A0001CEAD0521EBF1CEAD15392EA0C0F93EA0A
:1003B0000C0F6FD01A4480EA010C400218BF5FEAAC
:1003C00041211ED04FF0006343EA501043EA51111F
:1003D000A0FB01310CF00040B1F5000F3EBF490019
:1003E00041EAD3715B0040EA010062F17F02FD2A1D
:1003F0001DD8B3F1004F40EBC25008BF20F0010000
:10040000704790F0000F0CF0004C08BF49024CEA16
:10041000502040EA51207F3AC2BFD2F1FF0340EAA8
:10042000C250704740F400004FF00003013A5DDC19
:1004300012F1190FDCBF00F000407047C2F100025A
:10044000410021FA02F1C2F1200200FA02FC5FEA47
:10045000310040F1000053EA4C0308BF20EADC7091
:10046000704792F0000F00F0004C02BF400010F403
:10047000000F013AF9D040EA0C0093F0000F01F0B0
:10048000004C02BF490011F4000F013BF9D041EAD2
:100490000C018FE70CEAD15392EA0C0F18BF93EAD4
:1004A0000C0F0AD030F0004C18BF31F0004CD8D1FE
:1004B00080EA010000F00040704790F0000F17BF85
:1004C00090F0004F084691F0000F91F0004F14D0CB
:1004D00092EA0C0F01D142020FD193EA0C0F03D123
:1004E0004B0218BF084608D180EA010000F0004026
:1004F00040F0FE4040F40000704740F0FE4040F401
:10050000400070474FF0FF0C1CEAD0521EBF1CEA9F
:10051000D15392EA0C0F93EA0C0F69D0A2EB0302BD
:1005200080EA010C49024FEA402037D04FF0805357
:1005300043EA111143EA10130CF000408B4238BF1C
:100540005B0042F17D024FF4000C8B4224BF5B1A2A
:1005500040EA0C00B3EB510F24BFA3EB510340EA78
:100560005C00B3EB910F24BFA3EB910340EA9C0026
:10057000B3EBD10F24BFA3EBD10340EADC001B0196
:1005800018BF5FEA1C1CE0D1FD2A3FF650AF8B423A
:1005900040EBC25008BF20F0010070470CF0004C47
:1005A0004CEA50207F32C2BFD2F1FF0340EAC25072
:1005B000704740F400004FF00003013A37E792F033
:1005C000000F00F0004C02BF400010F4000F013A91
:1005D000F9D040EA0C0093F0000F01F0004C02BF8C
:1005E000490011F4000F013BF9D041EA0C0195E7F5
:1005F0000CEAD15392EA0C0F08D142027FF47DAF8E
:1006000093EA0C0F7FF470AF084676E793EA0C0F7D
:1006100004D14B023FF44CAF08466EE730F0004C7B
:1006200018BF31F0004CCAD130F000427FF45CAF0B
:1006300031F000437FF43CAF5FE700BF4FF0FF3C79
:1006400006E000BF4FF0010C02E000BF4FF0010CCC
:100650004DF804CD4FEA40024FEA41037FEA226C95
:1006600018BF7FEA236C11D001B052EA530C18BFB7
:1006700090EA010F58BFB2EB030088BFC81738BF1C
:100680006FEAE17018BF40F0010070477FEA226C0A
:1006900002D15FEA402C05D17FEA236CE4D15FEA06
:1006A000412CE1D05DF8040B704700BF844608463A
:1006B0006146FFE70FB5FFF7C9FF002848BF10F1FB
:1006C000000F0FBD4DF808EDFFF7F4FF0CBF012040
:1006D00000205DF808FB00BF4DF808EDFFF7EAFFCA
:1006E00034BF012000205DF808FB00BF4DF808ED85
:1006F000FFF7E0FF94BF012000205DF808FB00BF7A
:100700004DF808EDFFF7D2FF94BF012000205DF8FF
:1007100008FB00BF4DF808EDFFF7C8FF34BF01200C
:1007200000205DF808FB00BF4FEA4002B2F1FE4F27
:100730000FD34FF09E03B3EB12620DD94FEA0023A3
:1007400043F0004310F0004F23FA02F018BF40427C
:1007500070474FF00000704712F1610F01D1420263
:1007600005D110F0004008BF6FF0004070474FF017
:100770000000704753B94AB9002908BF00281CBFC0
:100780004FF0FF314FF0FF3000F00CB8ADF1080C26
:100790006DE904CE00F008F8DDF804E0DDE902239D
:1007A00004B07047704700BF2DE9F0478C468E4675
:1007B000089E154604461946002B40F0D08072452D
:1007C00047D9B2FA82F74FB1C7F120030EFA07FCFE
:1007D00020FA03F3BD4043EA0C0CBC404FEA154E2F
:1007E000A8B2BCFBFEF8230C0EFB18CC08FB00F9EA
:1007F00043EA0C43994528D9EB1808F1FF3204D29B
:10080000994502D9A8F102022B44A3EB0903A4B233
:10081000B3FBFEFC0EFB1C330CFB00F044EA03446C
:10082000A04214D92C190CF1FF3304D2A04202D9F2
:10083000ACF102032C44241A43EA02401EB1FC40EE
:10084000002334607360BDE8F0874246DDE763460D
:10085000F1E7002A79D0B2FA82F3002B3FD0194693
:10086000C1F1200302FA01F52EFA03F20EFA01FE9D
:1008700020FA03F343EA0E034FEA154E00FA01F49F
:10088000B2FBFEFCAFB20EFB1C201A0C0CFB07F8EF
:1008900042EA004290455AD9AA180CF1FF3004D21E
:1008A000904502D9ACF102002A44A2EB08029BB2A7
:1008B000B2FBFEFC0EFB1C220CFB07F743EA0243D3
:1008C0009F4246D9EB180CF1FF3204D29F4202D965
:1008D000ACF102022B44DB1B42EA004202E0AEEB29
:1008E000020301224FEA154EAFB2B3FBFEFC200C0F
:1008F0000EFB1C330CFB07F840EA034398452AD94A
:10090000EB180CF1FF3004D2984502D9ACF102008B
:100910002B44A3EB0803A4B2B3FBFEFC0EFB1C3379
:100920000CFB07F744EA0344A74216D92C190CF133
:10093000FF3304D2A74202D9ACF102032C44E41BDA
:1009400043EA00400F46114678E71F2188E76046DA
:10095000ABE76246BFE76046DBE76346EFE7734518
:1009600006D916B9002108466DE7C6E9000EF9E779
:10097000B3FA83F787B9734501D3824207D8841A43
:100980006EEB030301209C461EB900215BE738464D
:10099000FAE7C6E9004CF8E7C7F1200CBB4022FAA1
:1009A0000CF51D4320FA0CF12EFA0CF30EFA07FE9B
:1009B00041EA0E014FEA154900FA07F4B3FBF9F8D2
:1009C0001FFA85FE09FB18300B0C08FB0EFA43EAF0
:1009D00000439A4502FA07F240D9EB1808F1FF30BC
:1009E00004D29A4502D9A8F102002B44A3EB0A03D2
:1009F00089B2B3FBF9F809FB183308FB0EFE41EA94
:100A000003418E452CD9691808F1FF3304D28E4575
:100A100002D9A8F10203294443EA0040A0FB02984E
:100A2000A1EB0E014145CE46434602D306D14C45CB
:100A300004D2B9EB020E68EB05030138002EA4D0F6
:100A4000B4EB0E0261EB030101FA0CFC22FA07F38E
:100A50004CEA0303F940C6E9003196E74046C5E792
:100A60004346D9E70000000030F000422DE9F84F7E
:100A70000146034604D1BDE8F84F012005F0AAB9AC
:100A8000002803DABDE8F84F05F0ACB9B0F1FF4F2C
:100A900003DBFFF77BFBBDE8F88FB0F5000F35DA1D
:100AA0004FF09841FFF77AFC6FF018020346C3F34A
:100AB0001604DE15764B234403F400007F3E80F0DD
:100AC0007E5016444FF07E51204306EBD356FFF77D
:100AD0005BFB704B04F10F0213400546002B3ED127
:100AE0000021FFF7EFFD98B1002E00F0C8803046DE
:100AF000FFF700FC68490546FFF750FC67490446CC
:100B00002846FFF74BFC01462046C2E70022CEE70D
:100B10005DA1D1E90001FFF7E3FA2946FFF73EFCAA
:100B200001464FF07C50FFF72FFB2946044628462C
:100B3000FFF734FC01462046FFF730FC04460EB9AF
:100B400021466FE03046FFF7D5FB53490746FFF7D4
:100B500025FC524906463846FFF720FC72E04FF06C
:100B60008041FFF713FB01462846FFF7CBFC814687
:100B70003046FFF7BFFB494680464846FFF70EFC6C
:100B800001468246FFF70AFC4549DFF818B10746DF
:100B9000FFF704FC4449FFF7F9FA3946FFF7FEFB7B
:100BA0004249FFF7F3FA3946FFF7F8FB4049FFF7F0
:100BB000EDFA5146FFF7F2FB3E4982463846FFF711
:100BC000EDFB3D49FFF7E2FA3946FFF7E7FB3B490A
:100BD000FFF7DCFA3946FFF7E1FB01465046FFF725
:100BE000D5FAC4F55713A34403F5227343EA0B0364
:100BF000002B074630DD4FF07C512846FFF7CEFB37
:100C00002946FFF7CBFB014604463846FFF7BEFAFC
:100C10004946FFF7C3FB074646B901462046FFF7A2
:100C2000B3FA01462846FFF7AFFA34E71A494046BF
:100C3000FFF7B4FB194906464046FFF7AFFB3946BC
:100C4000FFF7A4FA01462046FFF79EFA2946FFF770
:100C50009BFA01463046E6E701462846FFF794FA3C
:100C60004946FFF79BFB0446002E3FF469AF0A4953
:100C70004046FFF793FB0949064640466CE70020D3
:100C800009E700BFAFF30080555555555555D53F81
:100C900020FB4A00F0FF7F008071313FD1F717370A
:100CA0009788173E305CCFFF25333A3E2549923E68
:100CB000ABAA2A3F4FD01C3E298E633ECDCCCC3E02
:100CC000F0B403460A461979DB88006813430A4AE0
:100CD0000669876834689A4308BF83F44023012576
:100CE0008D4023F48012DB074CBF2C43AC433460AF
:100CF0003B68F0BC184700BF01001000014B012207
:100D00001A707047BF06002038B52E4C2378002B90
:100D100050D12D4807F0CAF910B96FF0120038BD54
:100D20002A482A4D07F0C2F90028F6D0284607F0D5
:100D3000BDF90028F1D0284607F0B8F90028ECD01A
:100D4000284607F0B3F90028E7D021484FF4B01146
:100D5000FFF7B6FF0028E2D11E491F48FFF7B0FF9A
:100D60000028DCD11D484FF48031FFF7A9FF00288F
:100D7000D5D11B484FF4B011FFF7A2FF0028CED108
:100D8000184A194B53604FF400239360AB68DB693A
:100D900093B114490122284698470028BFD102F098
:100DA000F5F802F007F902F015F9104B186030B1B0
:100DB000012323700020B2E76FF05700AFE76FF018
:100DC0000400ACE7BE060020D08400007C84000054
:100DD000088700002000010000870000F88600005E
:100DE000F0860000BC030020FD0C0000B8030020CA
:100DF000084B421E9A4209D20749084A084B8842CA
:100E000098BF1346074A0020136070476FF0150023
:100E1000704700BF00127A0080841E00D486000054
:100E2000B8860000000000202DE9F04389B00E468E
:100E3000109F144601EB07081D460146002845D0C7
:100E4000731E022B42D80AB1002D3FD1B8F1820F98
:100E50003CD8DFF880903246484607F054FA06EB5B
:100E600009003A46214644B307F04DFA012302AA8D
:100E7000CDE90098CDE90623DFF85C90174ACDF85C
:100E800010D0CDE9029811680593CDB1DFB9B8460D
:100E90003B4613488268146804AAA047044640B938
:100EA000B8F1000F05D03A4609EB0601284607F0D5
:100EB0002AFA204609B0BDE8F08307F032FAD5E7F8
:100EC000A8462B46E5E7984606ABE2E76FF0150427
:100ED000EFE700BF3C060020BA050020000000201C
:100EE000D084000002461121014804F084BF00BFF5
:100EF0007C84000008B508490848FFF7E1FE02209D
:100F000004F089FF05484FF48031FFF7D9FEBDE8B2
:100F10000840322004F07FBF06001A00F886000067
:100F20000C4B002210B41A700B4882680369946954
:100F300074B11B6813F4002FA44618BF4FF0007360
:100F400010BC08BF4FF080634FF0A07213216047C0
:100F500010BC7047BF0600207C84000013B5094810
:100F60000469836801A95B68984720B923680198E0
:100F70005840C0F3C0400028D4BF0020012002B078
:100F800010BD00BF7C840000024883684FF480518C
:100F90005B6918477C84000002460C21014804F07C
:100FA0002ABF00BF7C84000013B5002301930F4CBF
:100FB000204607F07BF850B1A36804221B680DEBB4
:100FC00002012046984710B9019802B010BD04F004
:100FD00046FF044606F003F9444004F076FF604003
:100FE00080EA104302485840EFE700BF98840000B1
:100FF000B979379E2DE9F3410546BDF820800E46AC
:1010000017461C460120FFF76DFFCDF800802346F0
:101010003A4631462846FFF707FF48B1074A1368AA
:101020000133136024B142460021204607F079F9CC
:10103000002002B0BDE8F041FFF754BFC803002014
:1010400010B504460020FFF74DFF08486043FFF746
:10105000CFFE40B9064B1C7004F0F3FF054BC31ADA
:101060005842584110BD0020FCE700BF40420F002D
:10107000B80100203001CADE08B50820FFF7E0FF04
:1010800030B90220FFF7DCFF20B9034B187008BD10
:101090000820FCE70220FAE7B8010020F0B587B08D
:1010A000FFF732FE044620B16FF00105284607B075
:1010B000F0BDFFF717FF2046FFF76EFF4848FFF728
:1010C00097FE05460028EFD1464B02271F70FFF719
:1010D00011FF04F0B6FF444B98427DD101267623E0
:1010E000ADF814302A460DF10B03394605A80096D9
:1010F0008DF80B50FFF77EFF9DF80B203B4C22F044
:10110000030232432946362004F052FF14222946B6
:10111000204607F006F9FF231E20237404F074FF15
:1011200000F01F03000A60730420237304F06CFFB7
:10113000A060062004F068FF2060072004F064FF30
:101140006060082004F060FFA073092004F05CFFD9
:10115000274BE0735B79A674A3B1237A2BB13A468F
:1011600012212D2004F024FF6674267B002E08BF78
:10117000102606F01F0242F060020E212B2004F020
:1011800017FF267440F20133ADF80C3003AA022396
:101190000021362004F0EFFE4FF4004304AAADF81E
:1011A0001030062102232D2004F0E5FE052004F076
:1011B00045FE4FF40073ADF8143005AA0223002158
:1011C000362004F0D8FE04220021242004F0F0FE92
:1011D000022004F033FE69E74FF0FF3566E700BFF9
:1011E00080841E00B80100203001CADE0400002007
:1011F00018000020084A1379022B0AD0032B06D0CE
:10120000012B0CBF4FF048304FF01E3070479068F4
:1012100070470248704700BF180000204828080E99
:10122000034B04481B79022B08BF4FF490507047C2
:101230001800002000120400014B1888704700BFFE
:101240001800002013B50A4B01A95C881B88ADF873
:1012500004300222182004F073FE022301AA41F692
:1012600004012E20ADF8044004F085FE02B010BD4C
:101270001800002013B5FFF7D3FF04224FF490535A
:10128000000CADF800308DF80200002310466946CE
:101290008DF8033004F054FE48F67003ADF80030CA
:1012A0006A4602230421232004F065FE5E4B00936E
:1012B0006A4604230C21232004F05DFE3523ADF89B
:1012C00000306A4602231221232004F054FE012339
:1012D000ADF80030022319466A46272004F04BFE81
:1012E0008723ADF800306A4602230421272004F04A
:1012F00042FE202402236A4606212720ADF8004042
:1013000004F039FE494B00936A4604230821272044
:1013100004F031FE81232146ADF800306A460223F5
:10132000272004F028FE282402236A4626212720AD
:10133000ADF8004004F01FFED8220B21204604F037
:1013400037FE3B4B00936A4604230C21204604F0F1
:1013500012FEC0220B212A2004F02AFE354B0093F6
:101360006A46042307212B2004F005FEBE220B2130
:101370002B2004F01DFE304B5B792BB16D2240F623
:1013800006012E2004F014FE41F20763ADF8003090
:101390006A46022341F606012E2004F0ECFD274B9D
:1013A0000093042269461F2004F0CAFDFFF74AFF9C
:1013B00044F28E236A46ADF8003042F6040102235F
:1013C0002E2004F0D8FDFFF715FF69460090042297
:1013D0001E2004F0B5FD0023042269461A20009364
:1013E00004F0AEFD052004F029FD04F02BFD0446B9
:1013F00004F028FD031B632B03D94FF0FF3002B02C
:1014000010BD0F2004F092FD830703D4012004F0E7
:1014100015FDEDE70A4B00930E200422694604F007
:101420008FFD0020EBE700BF07A902252D001A3130
:10143000E03F1E001D040008180000205500042194
:1014400080D037242DE9F04107880446002F3AD098
:101450004088FEF74BFF8046A088FEF747FF064610
:10146000E088FEF743FF414605464046FEF796FFFB
:10147000314604463046FEF791FF01462046FEF70E
:1014800085FE294604462846FEF788FF0146204689
:10149000FEF77CFE00210446FFF728F998B938468C
:1014A000FEF724FF0146FEF779FF01462046FFF7CD
:1014B00029F804F03FFC0549FEF770FF0449FEF7E8
:1014C00063FEBDE8F0810348FBE700BF0000204158
:1014D0003D8AE3420000F0C238B503460088E8B117
:1014E0005C89DCB1FEF702FF05462046FEF7FEFEF2
:1014F0004FF09041FEF752FF294604462846FEF77A
:101500004DFF01462046FEF7FDFF04F013FC0449A1
:10151000FEF744FF0349FEF737FE38BD0248FCE7FB
:10152000000020413D8AE3420000F0C207B5074BAE
:10153000186800901B798DF80430694605220F2049
:1015400004F0FEFC03B05DF804FB00BFD28700008E
:1015500007B5074B186800901B798DF80430694671
:1015600005220F2004F0ECFC03B05DF804FB00BF83
:10157000A086000030B585B004F063FD444C454DB5
:10158000041B4FF0040018BF012404F0CFFC0246F6
:10159000FFF746FE82424FF01F0018BF44F00204DE
:1015A00004F0C4FC3C4B022298424FF020014FF063
:1015B000270018BF44F0040404F005FD042281282C
:1015C0004FF008014FF0270018BF44F0080404F062
:1015D000FAFC324B98424FF01E0018BF44F0100442
:1015E00004F0A4FC0146FFF705FE0222814202A995
:1015F0004FF0180018BF44F0200404F08AFC2B8838
:10160000BDF808209A4248F26E43ADF80C304FF016
:1016100030038DF80E304FF0020300934FF00002BC
:1016200002AB4FF0030103A818BF44F04004FFF7DA
:10163000E1FCBDF808306A889A426B7918BF44F023
:101640008004CBB1012240F606012E2004F0BBFC41
:10165000134D2B7C6D2818BF44F48074FF2B0BD0E6
:1016600001220E212B2004F0AEFC2B7C00F01F0089
:10167000984218BF44F400740E2004F057FC094B44
:10168000984218BF44F48064204605B030BD00BFC6
:101690003001CADE18000020550004212D001A3147
:1016A0000400002080D03724044B1968002903DB94
:1016B00003488368DB681847704700BF2400002098
:1016C000B48400002DE9FF4104F0D1FB10F00C0FB1
:1016D0002C4C2D4A2D4B05D12168914202D1A16895
:1016E000994201D000216160A360A38822604FF677
:1016F000FF729342264D1CBF0133A380286004F083
:10170000E4FBA3882B81E388AB816860FFF74CFC86
:10171000002468812C7404F095FB1E4B18601E4B4E
:1017200018601E4B0FCB8DE80F001D4E304606F0A3
:10173000BDFC014628B96FF01200A97304B0BDE8E2
:10174000F081D6F80880174FD8F80830694630463F
:1017500098470028386001DA0021EEE70321D8F825
:1017600000303046984710F1860F04D1D8F8003089
:101770002146304698470028EED13968C943C90F41
:10178000DBE700BF2020002048425755B7BDA8AA7C
:10179000D8030020D4030020D0030020908600004E
:1017A000B48400002400002008B504F04BFB014B7A
:1017B000186008BDD403002010B504F043FB0B4BA8
:1017C0001B68C31AB3F5FA7F044601D2FFF76CFF1A
:1017D0000749CB8843B1074AD37B2BB94EF660202B
:1017E000844284BFCB80938110BD00BFD40300200E
:1017F00020200020D80300202DE9F047274CDFF8F7
:10180000A08021740746032640F2E739FFF74CFF1A
:101810005FB1B847054640B96369E073013363615E
:10182000FFF7C2FF2846BDE8F087A36938F8025BDE
:101830000133A361D5B9013EFFF736FF16F0FF066D
:10184000E4D1184DEB88022B03D80133EB8004F070
:101850005CFB0123E373EB88A38104F0F3FA124BE2
:101860006FF004051860FFF79FFFDBE7642DAA46C1
:1018700028BF4FF0640AFFF717FF4FF4004C4846AB
:1018800000214FF47A720023EAFB0C01FEF772FF8D
:1018900006F0ADFCA5EB0A05CCE700BFD80300209D
:1018A000CC87000020200020CC03002010B504F0DD
:1018B000C9FA0446FFF778FF064BD87B48B1064AC1
:1018C000136842F20F71E31A8B4286BF1460012045
:1018D000002010BDD8030020CC03002008B504F080
:1018E000B1FA054A1368C31AB3F57A7F2ABF1060AC
:1018F0000020012008BD00BFD0030020044BDA699E
:1019000058620132DA6110B11A6A01321A62704704
:10191000D803002038B5054D95F9003044B2A342F4
:1019200002D0FFF739FB2C7038BD00BFB901002091
:1019300010B501460748FFF75FFF044640B9FFF7BF
:10194000E9FF204604F092FA00F04AF9012010BDA8
:101950000020FCE7B91B00002DE9F04F85B0FFF730
:10196000D3F958B104F07FFA28B104F07EFA96203A
:1019700004F07CFDF6E7FFF707FBF8E704F076FAE2
:1019800003240120FFF7C6FF782004F06FFD00203C
:10199000FFF7C0FF013C782004F068FD14F0FF045D
:1019A000EFD104F03BFCFFF78DFE00F0EFF828B913
:1019B00004F032FC04F0A4FD012407E00120FFF74D
:1019C000B7FF044604F028FC002CF3D1DFF8548163
:1019D000554ED8F8009000F01BF9009004F032FA50
:1019E000F269336CD3180193A0F57A7A33680293C5
:1019F0000746D34604F026FA054604F010FC18B159
:101A00004A4B4FF001021A70002C5BD0002004F00A
:101A10002DFA00F003F9D8F800304B453BD00220F6
:101A2000FFF786FF0446D8F8009000F0F1F8009B1D
:101A3000984204D000F0ECF80090FFF7B5FE24B314
:101A4000326CF36902991344019A9A4218BFAA466C
:101A500032688A4218BFAB46A5EB0A01B1F57A7F1E
:101A60005DD3A5EB0B01B1F57A7F4DD24FF4FA713E
:101A7000B5FBF1F1C94301F0010003930192FFF7B7
:101A800049FF019A039B02920193FFF795FE0A20FA
:101A900006F0F0FAAEE700F0A9F80028C5D000F093
:101AA000ABF8FFF71BFF0028BFD0FFF763FD8146AF
:101AB000FFF724FF484600F0A5F8B9F1000FB2D0B7
:101AC0000320ADE704F0CFF988B12046FFF722FFED
:101AD000012004F0CBF9FFF7E9FE04460028D4D03A
:101AE0000120FFF725FFD8F800900446A7E7EB1B7D
:101AF000952BF0D90E4B93F90000013818BF012047
:101B0000FFF708FF2F46E6E74FF4FA61B5FBF1F067
:101B100001FB105031288CBF00200120ADE70120CF
:101B2000ABE700BFC803002010040020BF06002060
:101B3000B901002010B50C49FEF730FC4FF04741C9
:101B40000446FEF7E7FD48B108492046FEF7E2FDEE
:101B500030B92046FEF7E8FD00B210BD0448FCE7AE
:101B600047F6FF70F9E700BF0000C84200FEFF46DD
:101B70000080FFFF08B5034B187004F063F9024BB7
:101B8000186008BDC70600208C04002010B504F0C2
:101B900081FC044648B901462822054806F0C1FBED
:101BA00004484C22214606F0BCFB204610BD00BF75
:101BB000640400201004002010B504F06BFC064BF8
:101BC00000221A70054B01221A70044608B904F06D
:101BD00097FC204610BD00BFBF060020C3060020B2
:101BE000014B01221A707047C3060020014B187880
:101BF000704700BFC4060020014B00221A707047D6
:101C0000C4060020014B1860704700BF5C04002030
:101C1000014B1868704700BF600400202DE9F04FA9
:101C2000C1B004F00FF9684BDFF8A0A11A78002AC0
:101C30003BD1674B1B68C01A9AF80030052B00F2A5
:101C40002B84DFE803F0031A121A1A2AC82840F27C
:101C50002384604A536B013353635F4A1368013333
:101C600013605E4B01221A7012E0052840F21484C2
:101C7000584A936901339361F3E70A2840F20C84D0
:101C8000574A136A01331362524A136901331361CD
:101C900041B0BDE8F04F04F027BC052840F2FC83BA
:101CA0004C4A536C01335364DBE700221A704A4AF2
:101CB00013680133136004F06DFA9AF80030052BB5
:101CC00000F26D81DFE813F006006C030600DE030E
:101CD0009A030600434B034009D100F4C842A2F521
:101CE000C8421A4311D000F4005018431FD0394C99
:101CF000636A0133636204F037FA04F03EFAA36AC0
:101D00000133A36204F0E9FB13E0402120A804F0B2
:101D1000D6F908AB064601464DF6CA6220A804F083
:101D200088FA10BB2B4AD36A0133D362EAE7FFF784
:101D30000FFC9AF80030022B02D0052B40F0AC8348
:101D400004F080F8224B1B68C01A052840F2A483D7
:101D50009AF80030052B1F4B0BBF5A6C9A69013261
:101D600001320CBF5A649A6192E79DF82830212B0A
:101D700040F01A82BDF82620002A40F015820BAAF6
:101D8000314620A804F018FB0028CBD09DF82C2069
:101D9000BDF82430022A40F241814FF6FF7293428F
:101DA00001D0012BBED19DF82F000A4DDFF83890ED
:101DB000012104F046FB041E18DAEB6B0133EB63E0
:101DC000002389F800309DE7BF060020C7060020E9
:101DD0008C0400201004002060040020C4060020B1
:101DE0006404002000903724C206002004A804F0F8
:101DF00081F904A804F04AFB744BBDF826201A8030
:101E0000734BBDF83060029103221A70714B9DF83C
:101E10002D201A702B6801332B60AB6B0133AB6341
:101E20004FF0000BBDF832305A46E4FB0362340435
:101E3000241841EB16468046FFF7FEF96FF30804BD
:101E4000071906F0FF0646F1000303F0FF030393B2
:101E5000614B039A1F605A609DF83630012B2BD1DD
:101E600040F60142CDE9152BDFF870E15C4A8DF8B0
:101E70006830CDE918E25B4ACDF85CB013888DF884
:101E800069301B0A8DF86A3053888DF86B301B0A55
:101E90008DF86C3013798DF86D30534B1B89ADF88C
:101EA0006E30524B1C934FF4FA53ADF874302B6ADA
:101EB00001332B624FF0220B4D4B4E4A1B781268B8
:101EC000003B18BF01235B000AB143F0040399F8FB
:101ED00000200AB143F00803474A12780AB143F0E0
:101EE00010038DF8403015AB1193444B8DF841B081
:101EF0001B788DF84830424B1B681393414B1B886D
:101F0000ADF85030404B1B88ADF852303F4B0322A8
:101F100019788DF838209DF82D208DF83920A7EB01
:101F200008020F924A1C1A704FF0010B0EAB01937E
:101F30004DF6CA62BDF82630CDF800B030A804F0E6
:101F400096F9334A8DF81C6000231370220A8DF82D
:101F50001920220C240E8DF818308DF81A20814695
:101F60008DF81B40FFF7E2FA06A804F096F8494600
:101F700030A804F077F809F1020080B204F077F895
:101F80000023184604F012F91B4B58B1214A83F87C
:101F900000B013685B441360EB685B44EB6004F0D3
:101FA000A3FAC6E618701C4B9DF82D201A70BDF8D8
:101FB00034205A80029AC3F80880C3E90327039AA1
:101FC0005A610420FFF7D6FDB3E600BFB805002034
:101FD000BA010020C5060020C80100200000020C44
:101FE00017F1327618000020D80300200304AE3326
:101FF000C30600205C040020C0060020C1060020AB
:1020000008040020B6010020B4010020C60600200C
:10201000C20600200C040020D0010020012B7FF418
:1020200071AE9248924D04F065F8924BBDF82620AF
:102030001A80914B9DF82C201A70904B9DF82D1012
:1020400019702B6889480133012A2B6082BF6B68A5
:1020500001336B6004F01AFA10F1966441F1000646
:102060008046FFF7E9F86FF3080403199DF82C90F8
:10207000834806F0FF0646F1000202F0FF02B9F1C4
:10208000010FC0E900324FF00001A3EB080840F255
:1020900087809DF82E7017F001072AD040F6014383
:1020A000CDE91531DFF8DCC1774B784A1791CDE9DE
:1020B00018C301238DF8683013888DF869301B0A26
:1020C0008DF86A3053888DF86B301B0A8DF86C30B0
:1020D00013798DF86D306E4B1B89ADF86E306D4BFA
:1020E0001C934FF4FA53ADF874302B6A01332B6212
:1020F00022271A2200210DF13A0006F012F99DF86C
:102100002D308DF83930644B644A1B7812688DF895
:102110003890003B18BF0123CDF83C805B000AB12A
:1021200043F004038DF8403015AB11935C4B8DF8F0
:10213000417019784A1C1A704FF001080EAB4DF629
:10214000CA620193CDF80080BDF8263030A804F0B3
:102150008EF800238DF81830230A8DF81930230CDF
:10216000240E07468DF81A308DF81B408DF81C6040
:10217000FFF7DCF906A803F090FF394630A803F01A
:1021800071FFB81C80B203F072FF404604F00EF8F5
:1021900040B1444A136843441360EB684344FDE68E
:1021A0000F46A6E740460DE79AF80020304C052A76
:1021B00040F08880232B17D1BDF824304FF6FF72F2
:1021C000934201D0012B0FD12A4BBDF826201B884A
:1021D0009A4209D10EAA314620A804F01FF918B17D
:1021E0009DF83830032B03D0E36A0133E36289E5BD
:1021F0002D4D9DF839202B789A4203D0236B013363
:1022000023637FE515A803F075FFFFF78FF903F04F
:1022100049FF264B2A781A7015A804F037F92B6964
:10222000234E244DC01A244B18604FF4004330A8AD
:1022300033802B8003F068FF30A8FFF703F9FFF726
:1022400079FC308030A8FFF747F9FFF773FC1B4B90
:10225000288001221A70636913446361236C13445C
:102260002364174B00201A70ACE600BF6C040020FA
:1022700010040020B8050020BA010020C506002087
:10228000C80100200000020C17F13276180000206F
:10229000D80300200304AE33C30600205C040020F2
:1022A000C60600200C040020D0010020C10600203A
:1022B000B6010020B401002008040020C20600205E
:1022C000C4060020022A8FD1232B8DD1BDF82430E3
:1022D000012B89D1724DBDF826202B889A4283D1DB
:1022E0000BAA314620A804F099F800283FF47CAFEF
:1022F0006C4F9DF82C203B7893427FF475AF012BF7
:10230000694E05D99DF82D2033789A427FF476AF37
:1023100063690EA80133636103F0ECFE0EA804F0BC
:10232000B5F80246614804F0B1F83B7831788DF891
:102330005430121A1692012B4FF080228DF855104E
:10234000179210D930A803F0DFFE30A8FFF77AF813
:10235000FFF7F0FBADF85C0030A8FFF7BDF8FFF722
:10236000E9FBADF85E00524B19784A1C1A7015ABA8
:102370000193012300932B884DF6CA6230A803F025
:10238000E5FF0446FFF7D2F8214630A803F06AFEC5
:10239000A01C80B203F06BFE03F07CFE032011E66C
:1023A00007067FF5FCAD414803F0A9FE4148424ACB
:1023B000C3690133C3619368013393603F4A0D30B1
:1023C00004F064F8D2E90032C01A61EB02013C4A21
:1023D00001F0FF030E06106048BFA3F580730530BF
:1023E00043F100030B2873F1000321BF354A136842
:1023F00001331360FFF7ACF80220E3E505067FF533
:10240000CEAD2A482C4D03F07AFE2C4A274804F022
:102410003DF8D2E90034C31A61EB040404F0FF0272
:102420002406274C48BFA2F580722360053342F191
:1024300000020B2B72F1000228BF224A224C22BF5D
:102440001368013313601B4AD3690133D361AB684E
:102450000133C4E90401AB60FFF768F8D4E9020175
:102460006288B0F5300041F1FF314FF48033E2FB78
:102470000301C9B203F0ADFE10B1AB6C0133AB6424
:1024800005209FE5030641BF0B4AD3690133D361A1
:102490000E4B01221A7082E541B0BDE8F08F00BFFB
:1024A000B8050020BA010020C506002071040020F4
:1024B000C60600206404002010040020C80100208B
:1024C0000404002000040020D0010020C4060020E5
:1024D000014B1B68184700BF2800002030B5044698
:1024E00085B00D4610220021684605F01AFF022330
:1024F0008DF802302A46044B01932146684603F0CA
:10250000D5F905B030BD00BFD124000080B5054627
:102510000E461746984602F073FF034600F030FD62
:10252000DFF81890044649F80030424630463946F4
:10253000A84754F8090000F0C5FC00BF08000000DF
:1025400008B50446EFF31183202383F31288BFF309
:102550006F8F01F0BFFE204600F0B4FE024804F089
:1025600048F804F03CF9FCE7D88700002DE9F04773
:10257000058B0446280717460CD501290CBF45F0EA
:10258000100545F02005258387F31188BFF36F8F71
:10259000BDE8F087022905F0070540F09480204649
:1025A00004F034F8052864D801A353F820F000BFE4
:1025B00089250000C726000073260000352600008C
:1025C0004F2600006126000001F007035A1F012A70
:1025D0001FD8002221F00701062BD4F8008089B211
:1025E000C4E9002209D1434603E0628B01326283D1
:1025F0001B68002BF9D141F002012183204604F031
:1026000005F84FF0000900286DD041F0200121832A
:1026100069E0042B0AD121F0070189B22183204609
:1026200003F0F4FF10B141F0200121834FF00008C6
:10263000C14658E02369D3F80090238B23F00703A9
:1026400043F0060323834FF0000846464BE023691E
:10265000D3F80490238B23F0070343F00403F1E73E
:102660002369D3F80890238B23F0070343F0050375
:10267000E8E74FF00008C146E7E7012243F008030E
:10268000238387F31188BFF36F8F002A3BD1B8F102
:10269000000F4AD1B9F1000F02D02D492046C8479A
:1026A000EFF31187202383F31288BFF36F8F238BFF
:1026B00023F008039BB22383D9063FD523F01002F1
:1026C000228303F007056669218B002EBFF67CAFDD
:1026D0000023D4F8008021F00701C4E9003341F061
:1026E000010121839946238B03F0070AAA4502D0F2
:1026F000A268002AC1D1B8F1000F02D1B9F1000FD0
:10270000DAD00022BAE7A1680029C0D00D680029FC
:10271000BDD04F68334652462046B8471DB12B689E
:1027200029461D46F3E72B46FAE741463346524613
:102730002046D8F8008003F095FFA8E79A067FF5B9
:1027400023AF23F02002228303F0070527E700BF11
:1027500091660000014B0360002070471087000065
:1027600008B5044803F045FF034803F042FF00208A
:1027700008BD00BF018800003688000008B5034886
:10278000034A0021121A04F00DF808BDC801002008
:10279000DC0600200748084A084908B5121A04F068
:1027A00003F80748074A0849BDE80840121A03F031
:1027B000FBBF00BF00000020C8010020E88C000023
:1027C0000000002000000020E88C000038B505461D
:1027D0000C4699B1D1E901230F48096803F009FFBC
:1027E000D4E90423E1680D4803F003FFE1690C48D4
:1027F00003F0FFFEA1690B4803F0FBFE012D05D19C
:10280000EFF305810848103903F0F3FE214628460E
:10281000BDE8384002F030BA6388000093880000B9
:10282000C3880000D38800000289000030BFFFF792
:10283000FDBF00BF2DE9F0410B4EDFF8308006EB05
:102840000807CC1B054632460949204605F05BFDCA
:10285000A01942460021083C05F063FD2C6707F1F2
:102860000800BDE8F08100BF000000000400000087
:102870008486000010B51D4C1D4803F0BAFEA36A03
:10288000990130D51B4803F0B4FE1E20A36ADA017B
:1028900003D5194803F0ADFE1F20144CA36A1B0397
:1028A00003D5164803F0A5FE2120A36A590303D5DA
:1028B000134803F09EFE22200C4CA36A9A0303D512
:1028C000104803F096FE2320A36ADB0303D50E48CD
:1028D00003F08FFE2420054A936A6FEA03436FEAF0
:1028E0001343936210BD1D20D0E700BF00ED00E050
:1028F000168900002F890000438900005E890000CE
:102900007D890000A3890000BE89000070B5244CB9
:10291000064624480D4603F06CFEA36AD90435D55B
:10292000214803F066FE1720A36A1A0503D51F4845
:1029300003F05FFE18201A4CA36A9B050FD51C48B4
:1029400003F057FEA16BA36A180407D5194803F0DA
:1029500050FE1EB1A36A23F40043A3621920104C59
:10296000A36A590503D5144803F043FE1A20A36A4D
:10297000DA050DD5114803F03CFE1B20084A936A86
:1029800043F47F43936200232B7070BD1620CBE786
:10299000A36A9B04F2D50A4803F02BFE1C20EDE746
:1029A00000ED00E0EA890000018A0000138A0000BF
:1029B000278A0000418A0000578A0000738A0000BD
:1029C0008C8A000070B5264C064626480D4603F05A
:1029D00010FEA36AD80640D5234803F00AFE112052
:1029E000A36A190703D5214803F003FE12201C4CEB
:1029F000A36A9A070FD51E4803F0FBFD616BA36A1B
:102A00001B0607D51B4803F0F4FD1EB1A36A23F093
:102A10008003A3621320124CA36ADE0703D5164875
:102A200003F0E7FD1420A36A9C0603D5134803F0C6
:102A3000E0FD15200A4B9A6AD10658BF9A6A9A6A35
:102A4000920642BF5A6A22F400525A629A6A42F0CF
:102A5000FF029A6200232B7070BD1020C0E700BFF8
:102A600000ED00E0BC8A0000D38A0000138A000059
:102A7000078B0000208B0000378B00008C8A000041
:102A80002DE9F0415D4B5F688AB00446C7F3080644
:102A9000002585F31188BFF36F8F02F07F43B3F1F8
:102AA0007F4F06D102F00C03082B13D1544803F0DA
:102AB000A0FD00252C464FF00008F31E8DF807807E
:102AC000092B00F28B80DFE803F00A7F837B898982
:102AD0008989898710074CBF0C460125EBE74948D7
:102AE000464E03F086FD8DF80780F36A9A0704D5F9
:102AF000454803F07EFD00232AE0F36A002B01DA4B
:102B00004248F6E7F36A5B00F5D5414803F071FDF2
:102B10007369A26943F480737361BFF34F8FBFF38E
:102B20006F8F32F8023C726922F480727261BFF3D7
:102B30004F8FBFF36F8F03F47F42B2F55F4F27D102
:102B4000DBB2022B24D12168324803F052FD236806
:102B50009DF80720CAB902AE04F120072068616819
:102B6000324603C20834BC421646F7D1099A002DFA
:102B700040D0C2F3080121B96FEA52226FEA422223
:102B8000099202A91846FFF721FE0AB0BDE8F081BC
:102B90001A4B9A6AD2B22AB10DF107010120FFF750
:102BA00011FF0FE09A6A12F47F4F05D00DF1070173
:102BB0000120FFF7ABFE05E09B6AB3F5803F9AD397
:102BC000FFF758FE0346C3E70DF107010020E6E7D3
:102BD0000DF107010020ECE70F488AE70F4B104981
:102BE000104817F4F87FA6F1100208BF194603F049
:102BF00000FD80E76FF30802C2E700BF00ED00E0D0
:102C0000858B0000B18B0000C98B0000EB8B0000AE
:102C1000FA8B00001A8C0000378C0000578B0000E4
:102C20006C8B00005C8C0000044B5A6942F010026F
:102C30005A615A6922F008025A61704700ED00E0BB
:102C4000EFF30880EFF3098101B57246FFF718FF33
:102C500001BD00BF002080F31488BFF36F8F0F48C1
:102C600080F3088801F0C2FB00200D490860BFF323
:102C70004F8F00F02BF8202080F3118809484FF483
:102C80000061401880F30988EFF3148002210843A3
:102C900080F31488BFF36F8F00F0B2F8202000207B
:102CA00094ED00E0E00600200749D1F890200023D1
:102CB000C2F307221846934200DB7047C1F89830F0
:102CC000C1F8A0000133F6E700ED00E008B572B6E8
:102CD000002383F31388FFF7E7FF144B4FF0FF3215
:102CE000C3F88020C3F88420C3F88820C3F88C2060
:102CF000C3F89020C3F89420C3F89820C3F89C2010
:102D0000C3F88021C3F88421C3F88821C3F88C213B
:102D1000C3F89021C3F89421C3F89821C3F89C21EB
:102D200062B6BFF34F8FBFF36F8F08BD00E100E0C5
:102D30001EF0040F0CBFEFF30880EFF309808169E8
:102D400011F8021C0229FFD001B5724603F02EFDD6
:102D500001BD00BF40B2002807DB044A410901233E
:102D600000F01F00834042F82130704700E100E08E
:102D700040B200280CDB4309064900F01F00203355
:102D80000122824041F82320BFF34F8FBFF36F8FA2
:102D9000704700BF00E100E0054B420900F01F0052
:102DA00053F82220012303FA00F01040704700BFBF
:102DB00000E100E040B20028A8BF00F1604001F14E
:102DC0000101B8BF064B4FEA4111ACBF00F56140AD
:102DD00000F00F00C9B2B4BF195480F80013704757
:102DE00014ED00E0044B054A23F07F039360BFF32A
:102DF0004F8FBFF36F8F70470000000000ED00E0C1
:102E000008B5FFF7EFFF074AD2F8883023F47003C4
:102E1000C2F88830FFF7B2FCFFF7BCFC00F092F874
:102E200001F0EEFF00ED00E042F8203C009B42F88C
:102E30001C3C0A49019B42F8183C029B42F8143C96
:102E400021F001014FF0807342F8043C42F8081C65
:102E50000023203A02654367704700BF0D2500003C
:102E600000B50B4B98600B4B1546026F1A600E466F
:102E70002C4686F309880020034B98472046002102
:102E800000220023014C2047D16700000D250000DF
:102E90008C05002090040020014B10221A6170471D
:102EA00000ED00E0054B5A699B689A421FBF044A37
:102EB000536843F080535360704700BF8C05002077
:102EC00000ED00E0084B9B6883420BD1EFF30583D4
:102ED00043B1064B5A6842F080525A605A6A22F453
:102EE00000425A6202F092BA8C05002000ED00E028
:102EF00011498A684FF030001044EFF3098C80E8E4
:102F0000F01F202080F31288BFF36F8F0B4F4FF01C
:102F100000664A698A603E60106F094C2060506FFD
:102F20000023536780F3118802F1300090E8F01F0E
:102F30008CF30988704700008C05002004ED00E048
:102F400090040020044800232021C2180133272BBD
:102F500082F80013F9D1704700E100E008B5EFF303
:102F60000583064A103B02EBC30152F8330049685F
:102F70008847BDE80840FFF795BF00BFEC8400001C
:102F8000014800687047000090040020074AD2F80A
:102F9000FC3043F08073C2F8FC30054B00225A60CD
:102FA0001A6842F001021A60704700BF00ED00E0AD
:102FB000001000E0034B00225A601A6842F0010240
:102FC0001A607047001000E0014B002158687047FC
:102FD000001000E008B501F001FA0449044A08684D
:102FE00000230021FDF7C6FB08BD00BFA0010020A3
:102FF00040420F00024B034A0348012100F066B82B
:10300000000001200000002010870000084AC2F8DC
:1030100098000B6823F01F03034343F01003C2F82A
:103020009C308B6843F00103C2F8A030704700BFAA
:1030300000ED00E02DE9F043DFF8608085B00E463A
:103040001F4604464FF00009B14523DA6068D8B145
:103050003FB1411E08421BD11F2819D923681942CC
:1030600016D12368019303F0D6FBA36803430393AF
:10307000D8F89050C5F30725D0B2013DA84207D833
:1030800001A9FFF7C3FF421C09F101090C34DBE77A
:103090006FF01502104605B0BDE8F08300ED00E0CA
:1030A000044B0522C3F89420BFF34F8FBFF36F8FFB
:1030B000704700BF00ED00E0BFF35F8F024B0022BE
:1030C000C3F89420704700BF00ED00E010B5034C3A
:1030D00001232278FFF7AEFF207010BDC806002044
:1030E0002DE9F0435A4B5B4DD3F890302C68C3F375
:1030F00007239C4285B000F2A780FFF7DDFF002088
:103100000C2684421AD1544EDFF84491347068463C
:10311000FFF720FB514C524D80460027B84514D193
:1031200033784B490020D1F89020C2F30722934214
:10313000C0F28480FFF7B4FF002045E0696806FB19
:103140000011FFF763FF0130DBE7009800EB071188
:103150004FEA071CCB682340B3F5000F4DD00AD8C7
:10316000B3F5001F33D0B3F5800F3BD0B3F5801F0C
:1031700013D00137D2E7B3F1007F47D0B3F1805FBE
:103180004DD0B3F1807FF4D150F80C3088684A6894
:1031900003F041FB40F0887009E050F80C3088687B
:1031A0004A6803F038FB40F0885040F43020CDE905
:1031B00001230390D9F890303078C3F30723013B03
:1031C000984234D96FF0150005B0BDE8F08350F88F
:1031D0000C3088684A6803F01EFB40F0885040F4C9
:1031E0000020E4E750F80C3088684A6803F013FBCD
:1031F00040F0C06040F40030D9E750F80C308868E7
:103200004A6803F008FB40F08270D0E750F80C30B9
:1032100088684A6803F0FFFA40F48020C7E750F856
:103220000C3088684A6803F0F6FA2843BFE701A922
:10323000FFF7ECFE3378013333709AE7C1F898302A
:10324000C1F8A00001336EE74FF0FF30BCE700BFCC
:1032500000ED00E01C870000C80600200000F0FF21
:103260000000021108B50649064821F00701C1F126
:10327000005202F5803203F079F9002008BD00BF4A
:103280003320002094040020044A0123C2F8403572
:103290004FF080420020C2F87835704700E00140CE
:1032A00048B1054B054A1B68B3FBF2F35843044B86
:1032B00043F0010318477047A001002040420F006F
:1032C000B0860000BFF34F8F0549064BCA6802F471
:1032D000E0621343CB60BFF34F8F00BFFDE700BF39
:1032E00000ED00E00400FA0508B5054A054B13603F
:1032F00010463F23536001F0A3F9002008BD00BF32
:10330000A0040020FFFF0F00084B70B5C31A0D4644
:1033100007499B10044659430648402203F094FA9B
:103320002B4601462046BDE870401847BC040020EB
:10333000B76DDBB66084000073B50C4C0C4A4023BB
:10334000041B00930D460B460A49A4106143064630
:10335000094803F0A4FA014628B130462B4602B0D2
:10336000BDE87040184702B070BD00BFBC0400202B
:103370000D690000B76DDBB6608400000022F8B56F
:10338000012105461046FFF715FD104801F0A0F990
:103390000446B8B901F0BCF92F690D49384603F06D
:1033A00084F9031E09DB01263E642D69084905F1F5
:1033B0001C0003F07AF9031E02DA1C462046F8BD11
:1033C000EE64FBE76FF00404F8E700BF1D35000072
:1033D0003C8700001FB500220123CDE902236C4683
:1033E000074A6B46CDE9004403F089FA28B94FF447
:1033F00080420023684601F09DFD04B010BD00BF6F
:103400001F69000010B5064C23782BB94FF4A57046
:1034100004F030FE01232370BDE8104001F010BA23
:10342000C906002010B5EFF31184202383F312881E
:10343000BFF36F8F074A136823F00201DB071160A7
:1034400002D4012003F083FF84F31188BFF36F8F50
:1034500010BD00BF0C05002030B4104B0C2202FB45
:10346000003301460020D3E90E529863EFF3118038
:10347000202484F31288BFF36F8F1C6C04F0C00407
:1034800044F002041C6480F31188BFF36F8F1DB1F8
:103490002B46034830BC184730BC7047BC040020A2
:1034A0006084000010B4EFF31180202282F31288B0
:1034B000BFF36F8F17490B6843F0020413F0010349
:1034C0000C601AD04FF08043D3F80C14D3F80C34AE
:1034D00013F0010311D0EFF3118182F31288BFF3CF
:1034E0006F8F0D4A136C03F0C00343F002031364A3
:1034F00081F31188BFF36F8F012380F31188BFF32D
:103500006F8F1BB110BC0020FFF7A6BF10BC0120BD
:1035100003F015BF0C050020BC04002010B10128E9
:1035200004D07047034B1B6C5B0701D1FFF794BFBE
:10353000704700BFBC0400202DE9F0413849BFF3BB
:103540005B8F8046012251E8003F41E800200028BF
:10355000F9D1BFF35B8F33B9324933484B60CB604D
:103560008A6003F0B5F808F1FF33012B4BD8B8F1AE
:10357000010F07D14FF08043D3F81C3403F003034D
:10358000012B40D004F0BFFD054658B1EFF3118682
:10359000202383F31288BFF36F8F0125234F4FF051
:1035A00080441EE0224B1B78002BEFD04FF080436D
:1035B0000222C3F808230646F0E735B3304603F08D
:1035C0001BF9D4F8183563B9D4F804214AB1C4F80A
:1035D0000431D4F804310123C4F81835C7F8803118
:1035E000A360D4F81824D4F81834D203E5D503F036
:1035F0000303012B02D0B8F1010FDED155B186F3E0
:103600001188BFF36F8FBDE8F0810021212004F005
:10361000EEFDD6E74FF080430222C3F80423F2E721
:10362000B8040020A8040020D804002000E100E035
:10363000DA060020EFF31182202383F31288BFF310
:103640006F8F0A4BD3F8001161B10021D3F8080540
:10365000C3F80011D3F80031C0B282F31188BFF370
:103660006F8F70476FF00A00F7E700BF00D000408F
:10367000F0B503468478C678EFF3118E202080F3EE
:103680001288BFF36F8F1D7893F801C0641B34401C
:10369000A24288BFA2B2AF18374028461F708EF3EF
:1036A0001188BFF36F8F8F188F4218D165450CD1E9
:1036B000EFF31181202080F31288BFF36F8F187809
:1036C000587081F31188BFF36F8F1B79A41AA3423E
:1036D00028BF074B90B224BF01221A60F0BD03EB54
:1036E000000E01309EF805E001F801EB3040DBE709
:1036F00000D00040DB432DE9F04713F001050F46F1
:10370000144604D02448FFF7B3FFBDE8F087B2B3F6
:10371000EFF31186202383F31288BFF36F8F0D2000
:10372000FFF73AFB80460D20FFF722FB86F3118856
:10373000BFF36F8FDFF864A0194ECAF80051DAF8B2
:1037400000314FF400590123CAF800302546C6F86D
:103750008091DAF80031A3B1FFF76CFF031EA4BF1C
:1037600005F1FF35ADB2C6F88091A8BF7B55002D9D
:10377000EFD1B8F1000F02D00D20FFF7EBFA204691
:10378000C3E7EFF31180202383F31288BFF36F8F19
:1037900003F032F8DDE700BF3005002000D0004024
:1037A00000E100E070B50D4614460CB9204670BD2E
:1037B0004FF0FF334FF0FF320C4801F0BBFB2246C5
:1037C00029460B48FFF754FF0646084801F07EFBE8
:1037D0003EB94FF0FF324FF0FF33064801F0AAFB2D
:1037E000E6E7A41BA4B23544DFE700BF10050020C4
:1037F000450500202005002038B501221146174854
:1038000004F075FC154D0122002105F1100004F0B3
:103810006EFC40F207432B874FF070632B620C2342
:1038200085F8243000240E4B85F83540EC86D3F81B
:10383000042522F00102C3F804250121C3F8004148
:10384000D3F80021C3F80413224619600D20FFF7B6
:10385000B1FA0D20FFF77EFA204638BD1005002092
:1038600000D0004010B5FFF7E5FE002820DB174B25
:1038700093F8222093F8214093F82310141B31EA87
:103880000404C0B20DD193F8372093F8364093F872
:103890003810141B31EA04040BD10D4B01225A607D
:1038A0000EE09C180132114084F8250083F82210A4
:1038B00010BD9C180132114084F83A0083F837108B
:1038C0000448BDE8104001F001BB00BF1005002016
:1038D00000D000402005002038B5430906D10A4B2E
:1038E000596819B101250C68854001B938BD8A684D
:1038F0002A4002D04B68054898471CB123682146EE
:103900001C46F2E72346FAE7540500207C840000B9
:1039100038B54568A86890B103F0B7FF014670B9A3
:10392000A86803F096FF044658B902460649A868FD
:1039300003F080FF224605210620FFF73BFA002016
:1039400038BD6FF00400FBE7D93800002DE9F04FD7
:10395000DFF84CE1534D00EB810140F2FF1C4FF0CA
:103960000108814202D10020BDE8F08F0468C4F351
:10397000C72616F00806C4F3C327C4F308037BD197
:10398000240E043C1EF80770634508BF4FF0FF3358
:10399000152C74D8DFE804F00B1216737373731CC4
:1039A00022737373737373737373252F3235C2F875
:1039B00008350024B3F1FF3F1BD027E0C2F80C35D7
:1039C0000124F7E7C2F810355C1C12D0002451E046
:1039D000C2F80835002FF7D10627F5E7C2F80C35F5
:1039E000F8E7C2F860354488B3F1FF3F04F0010402
:1039F0000AD10430B5E7C2F86435F4E7C2F8683597
:103A0000F1E7C2F86C35EEE75CBB01245FEA5319BD
:103A100038D14FF001094FF0A04A09FA03FBCAF868
:103A20000CB5D0F800A00AF4004BBBF1000F0CBF9E
:103A30004E46012403F01F095B092BD14FEA890987
:103A400009F1A049CAF3412AD9F800372B4043EACB
:103A50008A0343EA0723334343EA4403C9F80037A0
:103A6000C7E75C0912D14FF0A04908FA03F4C9F87E
:103A700008450124A146D4E76FF0150074E76FF004
:103A8000850071E70023C3F80C35FFDE0023C3F87F
:103A90000835FAE709F5E079002353F82930F4E70F
:103AA000DF8C0000F0F8FCFF2DE9F04198468B8890
:103AB00004690E4699040746154600F182804FF0CE
:103AC000FF324FF0FF3304F1740001F033FAA666C1
:103AD000002D7FD1C4F898500023C4F89C3004F125
:103AE000B00204F19C0104F1980003F028F90546A6
:103AF000C4F8AC00B8F1000F74D1C4F8A080002362
:103B0000C4F8A43004F1B80204F1A40104F1A00047
:103B100003F015F90023D4F89CC0C4F8B400C4F82D
:103B200094301A46624566D10022D4F8A4E01146CA
:103B3000714568D193422CBFC4F8A830C4F8A820BE
:103B400015B1D4F8B0302BB900286FD0D4F8B83004
:103B5000002B6BD03146384600F0A6F8054610BB66
:103B600004F16408666604F1BC05284601F008FA11
:103B70003049384603F063FA4FF0FF324FF0FF331D
:103B8000284601F0D7F93146384603F059FA38464D
:103B900003F035F9404603F0A9F8054600283BD16B
:103BA000B3889A040AD4636E13B19B889B0405D42E
:103BB0000023A36604F1740001F088F92846BDE8EB
:103BC000F081E36F002B7FF47AAFA36E9E427FF407
:103BD00076AF7DE72B68C4F89830002B3FF47CAFBC
:103BE0006B687AE7D8F80030C4F8A030002B86D094
:103BF000D8F8043084E7D4F8981001EBC201013200
:103C000049680B448EE7D4F8A0C00CEBC10C01311D
:103C1000DCF804C062448BE710F1740FC3D138465E
:103C200003F072FA404603F061F8BCE76FF0150547
:103C3000B9E700BF316F000002460F48824210B55D
:103C400011D20E4B9A420FD80D4B9A420ED80D4B03
:103C50009A420DD80C4B9A420CD80C4C0C4B0D4888
:103C6000A24298BF184610BD0B48FCE70B48FAE784
:103C70000B48F8E70B48F6E700127A00FF083D0012
:103C80007F841E003F420F001FA107008FD003005A
:103C900048E8010090D0030000093D0080841E0028
:103CA00040420F0020A10700F0B5066996F83030B9
:103CB00089B007460D460BB3726B0B689A421DD153
:103CC000B26B4B689A4219D196F848300C7D9C42F1
:103CD00014D1B6F84C200B8B9A420FD1F36B8A6843
:103CE000002C70D09A4209D1346CCB685C4034F41B
:103CF0007F4403D1726C0B699A4261D0AA88100587
:103D000077D412F0090077D102F4FC63B3F5807F19
:103D100072D129683D4B99426ED933687C68D3F8DB
:103D20000835591C10D012F0020203F01F0C4FF09E
:103D300001014FEA53134BD1002B60D14FF0A04348
:103D400001FA0CF1C3F80C154FF0FF330393286808
:103D5000A37F8DF81230FFF76FFFA369834294BFF2
:103D600005930590AB88990703F0040238D5002A23
:103D70000CBF02220322C3F300138DF81930012374
:103D80008DF81B308DF81C3096F830308DF81820E7
:103D900043B36946304603F072FF044680B91C49BC
:103DA000304604F0F0F806F1340305F11C0255F832
:103DB000041B43F8041B9542F9D1012386F83030E7
:103DC000204609B0F0BD9A4298D1326CCB6893E797
:103DD000C3B94FF0A04301FA0CF1C3F80815B3E7DB
:103DE0009208C8E70B4A3B466946304603F028FF75
:103DF000D3E76FF08504E3E76FF01504E0E7C2F85E
:103E00000C25FFDEC0F80805FBE700BF47E801000E
:103E10002C0000200970000070B5012383400F4A78
:103E2000BFF35B8FDC4352E8001F01EA040542E860
:103E30000056002EF7D1BFF35B8F4FF480328240E3
:103E40000748C0F80823BFF35F8FBFF36F8F03EA03
:103E50000100003818BF012070BD00BF68050020B8
:103E60000010014070B41249D1E90034D01AC318CF
:103E700044F10004C2F30E06C1E90034A6F58053F4
:103E8000B3F5C04F09D20B4B1B685A0CDB039C19CE
:103E9000094B42F10005C3E90045EFF311812023EE
:103EA00083F31288BFF36F8F70BC01F08BBC00BF2F
:103EB000080200206C0500201002002011B3BFF39F
:103EC0005B8F0123104A834052E800CF4CEA030C79
:103ED00042E800C10029F7D1BFF35B8F0B4A4FF4D2
:103EE00080338340C2F80433094BBFF35B8F1B68F8
:103EF000BFF35B8FC340DB0742BF064B4FF400327A
:103F0000C3F80021704700BF680500200010014081
:103F10006005002000E100E030B5144B1868410C4A
:103F2000C003BFF35F8F124BD3F8043547F6FF721F
:103F300093420AD10F4AD2E90045844275EB01024F
:103F400009D3C01841F1000130BD181841F100013A
:103F5000B3F5006FF8D2074BD3E90023904271EB21
:103F60000303F1D210F50040ECE700BF6C05002020
:103F700000100140100200202DE9F04F85B01646D8
:103F80001F469DF840A00446FFF746FF0190FFF74B
:103F9000C3FFB04271EB070361D2301A44F2010350
:103FA00067EB0101984271F1000109D36FF015052B
:103FB00020460199FFF782FF284605B0BDE8F08F43
:103FC000354B03EB0413D3E902239F4208BF96420B
:103FD00056D032494FF4803804F1500508FA04F8FD
:103FE000AD002046C1F84883ADB203F0ECF8C6F34B
:103FF0000E0B05F1804504F5A87305F58835584684
:104000004FF003090293C0F30E030BB901200346DE
:10401000029A41F82230C1F84483D1F80435C01A1D
:104020000338C0F30E0043F6FD7C604528D92868AC
:1040300068B1D1F804350393A3EB0B00C0F30E0075
:10404000B0F5804F1CD9204603F0BDF8039BBAF1B0
:10405000000FABD109EB030009F10109D3E7BAF175
:10406000000FA3D101230E4ABFF35B8FA34052E898
:10407000000F184342E800010029F8D1BFF35B8F1D
:1040800005490E98230101EB0412C8500F9B5360A1
:10409000C2E9026700258BE7E8010020001001401B
:1040A0006005002070B5294C294B2A4A86B0C4F817
:1040B0000833C4F84833284B00254FF0FF304FF049
:1040C000FF314FF48036C4F80855C3E90201C4F843
:1040D0000463C3E906014FF400330121C4F804333B
:1040E0001120C2F880312A46FEF764FE1120FEF747
:1040F00031FE1A4B01200322A06020601A60184B89
:10410000009343F6FF720023CDE90155FFF734FF1A
:104110000220FFF711FA134A13491368134823F0DA
:104120000103136047F6FF73C4F844630DF11702EF
:10413000C4F8403503F0EFF8002804DB9DF81700C1
:1041400000F0AAFA284606B070BD00BF001001407A
:1041500001000F0000E100E0E801002068050020F8
:10416000653E000064050020081001404011014038
:104170002DE9F743354CD4F80433D90318D540233F
:104180000022990810290BD1D4F8403133B1002313
:10419000C4F84031D4F840314FF480324423F0E782
:1041A0000433502BEDD11AB1294A1368013313603F
:1041B000D4F804339A0343D5BFF35B8F254B53E800
:1041C000002F22F0020143E800100028F7D1BFF3CE
:1041D0005B8F930702D4D4F844318BB30025C4F825
:1041E0004451D4F84431FFF797FEEFF311822023B6
:1041F00083F31288BFF36F8F174BD3E90667B04282
:10420000B94120D34FF0FF304FF0FF31C3E9060131
:10421000D3E904981D614FF40033C4F84833C4F85F
:104220004451D4F8443182F31188BFF36F8FB9F150
:10423000000F05D0CDF8008032463B460120C8472C
:1042400003B0BDE8F083A946EDE700BF00100140D0
:104250006C05002060050020E801002030B5431CFB
:1042600085B043F6FF7223D09042A8BF10460128C4
:104270000446B8BF0124FFF74FFE0F4BD3E90013EC
:10428000401AB0F5804F43F6FF7513D22218AA42A8
:1042900028BF2A4652184FF0000008490091CDE986
:1042A000010043F100030120FFF766FE05B030BDB9
:1042B0001446E0E72A46EDE708020020653E0000CC
:1042C00008B5FFF729FE024B1B68C01A08BD00BFE6
:1042D0000802002010B5084C012363601120FEF78E
:1042E00047FD064BC4F80833C4F84833044B4FF479
:1042F0000032C3F8802110BD0010014001000F0002
:1043000000E100E037B5046994F835300D464BBB49
:104310000B7B022B29D10B680BBB94F834204B6824
:10432000D2B9134A591E914219D823630DF10701DE
:10433000204603F06EFE10F10C0F0BD0AB689DF819
:10434000070013B1021D44F8223094F834300133D1
:1043500084F8343003B030BD226B9A42E6D06FF05F
:104360001500F7E76FF00F00F4E76FF08500F1E755
:10437000FEFFCF0710B50022046901211020FEF7CF
:1043800019FD00232046034ABDE81040194603F0FA
:104390001CBE00BF99430000F8B50A4E0C46012729
:1043A00004B9F8BD94FAA4F5B5FA85F52B1D56F8B5
:1043B000233013B104482946984707FA05F524EA43
:1043C0000504EDE768010020B4840000024AD2F839
:1043D0000034002BFBD0704700E00140014B024A43
:1043E0001A607047A00100200090D00310B502F0C1
:1043F00033FF40B14FF08053884AD3F82433C3F3DE
:104400000423C2F8403502F035FF10B1844B854AD1
:104410005A6702F021FF48B14FF080534FF08042BD
:10442000D3F84432C3F34233C2F83C3502F022FFE2
:1044300030B17D4AD2F8FC3023F08073C2F8FC30F2
:1044400002F00AFF40B14FF080430022C3F80C2174
:10445000C3F81021C3F8382502F00CFF20B14FF04B
:1044600080430322C3F8A02502F004FF60B16F4B24
:104470000522C3F810260122C3F888260022C3F8BB
:1044800018263F22C3F814264FF08053D3F830216A
:10449000511C09BF4FF07043D3F8343193F8E02F2B
:1044A000D3F8E83F08BFC3F30313062A49D1033BFF
:1044B000012B46D94FF080525D4BD2F80414C3F85B
:1044C0002015D2F80814C3F82415D2F80C14C3F838
:1044D0002815D2F81014C3F82C15D2F81414C3F808
:1044E0003015D2F81814C3F83415D2F81C14C3F8D8
:1044F0004015D2F82014C3F84415D2F82414C3F898
:104500004815D2F82814C3F84C15D2F82C14C3F867
:104510005015D2F83014C3F85415D2F83414C3F837
:104520006015D2F83814C3F86415D2F83C14C3F8F7
:104530006815D2F84014C3F86C15D2F84424C3F8B7
:10454000702502F089FE48B14FF080534FF0804251
:10455000D3F8583203F04F03C2F8E43E02F07CFE79
:1045600048B14FF08043D3F80024D20744BF6FF026
:104570000102C3F800244FF08053D3F83021062AFB
:104580000BD1D3F83431033B022B81BF294AD2F837
:104590003C3743F48063C2F83C374FF08053D3F884
:1045A0003021062A0CD1D3F83431033B032B81BFD1
:1045B0004FF01023D3F808224FF08043C3F858255A
:1045C0004FF01023D3F80022002A03DBD3F8043283
:1045D000002B22DA184901234FF01020C1F80435CE
:1045E0001524FFF7F3FEC0F80042FFF7EFFEC0F816
:1045F0000442FFF7EBFE0023C1F80435FFF7E6FEA7
:10460000BFF34F8F08490D4BCA6802F4E0621343B1
:10461000CB60BFF34F8F00BFFDE710BD00300140FE
:1046200000C007400DF0ADBA00ED00E000500040C2
:1046300000C000400010004000E001400400FA0506
:10464000014B1860704700BF7005002010B5054B86
:104650001868144602F024FE0028A4BF2070002031
:1046600010BD00BF7005002002F51170084B114607
:10467000002243F82020CB0003F1804303F5F833F8
:10468000C3F81425C3F81025024B186802F026BEA3
:1046900000F0014070050020024A01238340C2F867
:1046A0000435704700F00140024A01238340C2F8FC
:1046B0000835704700F00140014B00201B68184787
:1046C00074050020014B1B68184700BF74050020CB
:1046D00010B50C4C237993B9012323710A4B206048
:1046E000002818BF184600F049F850B92368074859
:1046F000002BBDE8104008BF184600F08FB86FF0DF
:10470000770010BD74050020B9460000C5460000C2
:1047100008B5064B1B683BB10020FEF73DFB18B9FE
:10472000BDE80840FEF716BB08BD00BF74050020B9
:1047300038B54FF080440123C4F808336360002388
:10474000C4F80031D4F8003142F21075D4F80C24CA
:10475000D4F80C34D20307D5DB0705D5012002F0CD
:104760009DFD013DF2D138BD02F000FE0028FAD0D7
:10477000014B00225A71F6E77C05002038B5084C41
:1047800025794DB901232060237102F0EFFD08B9AE
:10479000002038BD6571FBE76FF07700F9E700BFD7
:1047A0007C0500204FF080430022C3F80021D3F89D
:1047B0000021094901221A60096811B1C3F80423D4
:1047C0007047D3F80021002AFBD00022C3F8002153
:1047D000D3F80031704700BF7C05002010B54FF0C2
:1047E0008043D3F80423D20715D5D3F8002192B122
:1047F0000022C3F800210124D3F80021C3F80843A4
:1048000002F0B4FD044B10B15A7922B95C71BDE8D5
:1048100010401B68184710BD7C050020074A13791B
:1048200043B90121106011714FF080421846C2F85F
:10483000183570476FF07700704700BF840500207F
:1048400010B54FF080432B4CD3F81814D3F818242C
:1048500011F4803F35D002F00303012B01D06BBB74
:1048600000234FF08042C2F818350023C2F804310B
:10487000D2F804314FF08053D3F83021511C09BFD6
:104880004FF07043D3F8343193F8E02FD3F8E83F7A
:1048900008BFC3F30313062A05D1033B012B02D93A
:1048A0008A2002F0FBFC4FF0804301229A602268CC
:1048B0008AB9D3F80421002AFBD014E002F073FD7A
:1048C000CEE7D3F81424D207CAD5D3F81C24900716
:1048D000F4D422681AB10222C3F8042310BDD3F81D
:1048E0000421002AFBD00022C3F80421D3F80431AC
:1048F000F4E700BF84050020F8B54FF08043194F5E
:10490000D3F80443012504F01A04002604B9F8BDC5
:10491000B4FA84F0C0F11F00830003F580739BB2EA
:1049200003F1804305FA00F21968D2B224EA0204C6
:104930000029EBD01E601B684FF08043022AC3F8A9
:1049400008230BD1D3F81814D3F81814890705D10C
:10495000C3F81855C3F804239D60D7E73B68C0B27D
:104960009847D3E78405002073B5CEB200EB460626
:104970000446B38ADB070D4627D502F03CFEB38A16
:104980009A0608D55A0B236803EB82030022C3F86A
:104990001025C3F8102520462946002402F0BCFD4E
:1049A000B48201A8019502F034FD019A084B02F58A
:1049B000E07250F822100B404FF0A04143F0020388
:1049C00041F82230204602B070BD6FF01500FAE7C2
:1049D000F0F8FCFF014802F081BC00BFA4010020F8
:1049E00010B504480C4602F05BFC0028A4BF207000
:1049F000002010BDA40100200B4B984212D00BD810
:104A00000A4B98420ED00A4A0A4B984218BF90426D
:104A10000CBF012000207047074B984202D0074A84
:104A2000074BF2E70120704740420F0090D003008F
:104A300048E8010020A1070000093D0080841E0015
:104A400000127A0038B51446421C054616D00129DA
:104A500002D1A3B103F0DAF805F01F036D0911D1FB
:104A60009B0003F1A0430A4AD3F8000741EA8404FB
:104A70000240144344EA4101C3F8001738BD03F073
:104A8000D2F8E9E7002203F5E07352F82330FFDEA5
:104A9000F0F8FCFFF8B5484B4D699D4207460C46BF
:104AA00077D06BD8454B9D4276D0454B9D4276D012
:104AB000444B9D4214BF4FF080454FF00075E27E9D
:104AC00097F8223062F3000387F82230227CDBB2B1
:104AD00062F3410387F82230E67EEEB9237E206838
:104AE000012B94BF0023012332460121FFF7AAFFC7
:104AF0006068334632460121FFF7A4FFA27EA0681A
:104B000033463146FFF79EFF237CE06883F00103C4
:104B100032460121FFF796FFE368FB62227C97F89B
:104B2000223062F3410387F82230267FA07C217E69
:104B3000637E3A6846B9D4E900C6A468C2F808C5DD
:104B4000C2F80C65C2F81045003B18BF01230229CA
:104B5000C2F8C005C2F8245527D0032928D001295E
:104B600001D143F00203C2F854357B681BB33868A7
:104B7000BDE8F84040F30730FEF7ECB8124B9D4219
:104B800010D0124B9D4214BF4FF080454FF00045AE
:104B900095E74FF0805592E74FF080658FE74FF033
:104BA00000658CE74FF0005589E743F00403DAE72E
:104BB00043F00603D7E7F8BD40420F0090D0030052
:104BC00020A1070048E8010080841E0000127A003E
:104BD000431C15D000F01F0340090BD19B0003F1CB
:104BE000A043084AD3F800170A4042F00202C3F873
:104BF00000277047002203F5E07352F82330FFDEF0
:104C0000704700BFF0F8FCFF70B50446006840F341
:104C10000730FEF7ADF8636843B12146104A51F8FA
:104C2000043BC3F80823206802F0ABFF2368D3F8E5
:104C30000805D3F80C55D3F8106594F82230DB073B
:104C40000AD4FFF7C5FF3046FFF7C2FF2846FFF73B
:104C5000BFFFE06AFFF7BCFF002384F8203070BD7F
:104C6000520108000368034A01F5C07143F821208E
:104C7000704700BF3546526E38B5EFF311852023DB
:104C800083F31288BFF36F8F064B9C6803F021FA01
:104C900085F31188BFF36F8F2046BDE83840FEF7DB
:104CA00011B900BF8C05002038B50A4B53F82040DD
:104CB000013053F82050A54200D838BD606830B1AB
:104CC000037EDB0701D403F0D9F90834F3E7236846
:104CD0009847FAE7B487000070B52A4B2A4C2B4D51
:104CE00086B0012203201A70FFF7DEFF03F00AFBF3
:104CF0000420FFF7D9FF2646AE4204F130040FD35B
:104D000000F0BAFA204CAC4226D300F0C9FAFCF706
:104D100023FE1F4A938923F00103938106B070BDDF
:104D200054F80C3C059354F8103C049354F8143C8C
:104D3000039354F8183C029354F81C3C019354F824
:104D4000203C009354E90A2354E90C0100F04EF989
:104D500054F8303C5E65CEE7D4E90A23B3F1FF3F57
:104D600008BFB2F1FF3F05D052EA0301206803D12A
:104D700003F056FA3034C6E70649183000F092FCCA
:104D8000F8E700BFDA060020248600002486000031
:104D900098020020C981000070B5002386B001226E
:104DA000CDE90423114E124D01930F22CDE90232B9
:104DB0001049142303FB005506EBC0164FF4A072F4
:104DC000044602FB00110C4B0095304600F00EF932
:104DD000337C2C7423F004033374084BEE600134ED
:104DE00003EBC4236B6006B070BD00BF1802002047
:104DF0008C050020E00E0020D9800000E006002095
:104E00007FB50020FFF750FF284B83F30888284C1C
:104E1000636943F4007363610025E02384F8223062
:104E2000E57725766576A57684F82050636A43F4A5
:104E3000E023636284F82350FDF7F6FEFEF72CF8BA
:104E40004FF0FF33A362E362FEF74AF9FEF7D2F8B0
:104E50001848194C00F008F90120FFF725FF02203F
:104E6000FFF722FF00F046FA144B15495C61154B21
:104E7000059301234FF48052CDE90353CDE9015549
:104E8000114B0095204600F0B1F8237C064623F034
:104E900004032046237403F074F92846FFF77CFFCF
:104EA000094A31462046FDF7DBFF00BFE00E002037
:104EB00000ED00E018030020980200208C0500207F
:104EC00020100020CB8C0000D94C000070B5EFF30F
:104ED0001186202383F31288BFF36F8F0468A042EA
:104EE0001AD0CCB1D4E9003213605A60237C00257B
:104EF00023F002032374C4E90055A56004F11800EF
:104F000003F0C5F92046A56703F03BF93146084890
:104F1000BDE8704003F068B9D0E902329A4218BF88
:104F20000133836086F31188BFF36F8F70BD00BFBC
:104F3000DB06002013B5EFF31181202484F31288DF
:104F4000BFF36F8F846844B1013C846081F31188A2
:104F5000BFF36F8F002002B010BD52EA030406D1E8
:104F600081F31188BFF36F8F6FF00F00F3E7CDE986
:104F700000230246014800F05DF9ECE7DB06002063
:104F800070B50546EFF31186202383F31288BFF333
:104F90006F8F00232C68A54218D0BCB1D4E9003231
:104FA00013605A60227C002322F00202C4E900331D
:104FB0002274A36004F1180003F069F96FF00A038A
:104FC000A367204603F0DDF80123E3E70022AA608F
:104FD00023B986F31188BFF36F8F70BD3146024845
:104FE000BDE8704003F000B9DB0600202DE9F04376
:104FF00085B0984600F158030732C0E91633109B7C
:10500000838122F0070504230026037401EB0509C0
:105010000F9B83730F46C0E9066649468660C673D8
:105020000446FDF707FC07300E9B20F00700A06642
:10503000C4E9187502930D9B0193A9EB00090C9B21
:1050400000934A46434639462046FDF7EDFE054BA0
:1050500066659B6803B1DB6EE366484605B0BDE854
:10506000F08300BF8C05002001230374838100239B
:10507000C0E91833C366014B986070478C05002067
:10508000094A93686FF00A019967084958674B68A5
:1050900043F080534B60002383F31188BFF36F8F7D
:1050A0009368986F704700BF8C05002000ED00E00A
:1050B00070B590F91020037C002A2FDBD9062DD182
:1050C0001A4C63F07F032246037452F8183FE169DB
:1050D000934207D1C0E900210860E0610FE09942E6
:1050E000F8D01B68002BF5D093F90E6090F90E50A4
:1050F000AE42F4DD5968C0E9003108605860A56926
:10510000954200D005B9E568A3681A7CD20606D19D
:10511000DA897F2A03D9AA690AB9636170BDAB42F3
:1051200002D0284600F040FA6561F7E78C050020C0
:1051300038B590F91020037C002A014604DA03F008
:105140007F03037402F0E5FF0D4D2A46AB6852F869
:10515000184F944200D004B9EC688B4207D01A7CF7
:10516000D20604D1DA897F2A01D9A2692AB1A342E1
:1051700002D0204600F018FA23466B6138BD00BF0C
:105180008C050020B3F1FF3F08BFB2F1FF3F03D011
:105190000249183000F086BA704700BFC98100008C
:1051A000034648B9EFF3058232B9064A516992685D
:1051B000914201D0FFF764BF83F31188BFF36F8F73
:1051C000704700BF8C05002038B5184CA168E06915
:1051D0000B68814214BF1A46002249680B6059606F
:1051E000A368E1692AB9124AC3E900210B60E361AF
:1051F0000AE092F90E5093F90E00854212DD5168D3
:10520000C3E900210B605360A569094B9D4200D0A2
:1052100005B9E568A3689D4202D0284600F0C4F9AC
:10522000656138BD8A42DED01268DBE78C0500205C
:10523000A4050020F8B50E4B0C4611460D4A98689F
:105240001060DDE90667EFF31182202282F31288F5
:10525000BFF36F8F9D68284602F06DFF28463246E7
:105260003B46FFF78FFF2046BDE8F840FFF708BF39
:105270008C050020AC050020EFF31181202383F37F
:105280001288BFF36F8F054B9A68D37B013BD373B2
:1052900081F31188BFF36F8F704700BF8C0500202A
:1052A00070B5EFF31186202383F31288BFF36F8F5D
:1052B0000F4DAB68DA7B0132DA732A4652F8184F89
:1052C000944200D004B9EC681A7CD20604D1DA8981
:1052D0007F2A01D9A2692AB19C4202D0204600F05F
:1052E00063F923466B613046BDE87040FFF758BF55
:1052F0008C050020024B03F11802C3E90622704717
:105300008C05002070B5EFF31186202383F31288FB
:10531000BFF36F8F1A4CA168E0690B68814214BF1C
:105320001A46002249680B605960A368E1692AB9EE
:10533000144AC3E900210B60E3610AE092F90E50C0
:1053400093F90E00854216DD5168C3E900210B6018
:105350005360A5690B4B9D4200D005B9E568A36871
:105360009D4202D0284600F01FF965613046BDE835
:105370007040FFF785BE8A42DAD01268D7E700BFD7
:105380008C050020A4050020F8B550EA010306466C
:105390000C4603D1FFF7B6FF0020F8BDEFF31187ED
:1053A000202383F31288BFF36F8F124D124BA8682E
:1053B0001860FFF7BDFEA868104923463246183032
:1053C00000F070F9AA68137C43F0040313740446D8
:1053D0003846FFF755FEAB68D3E90A23B3F1004F17
:1053E00008BF002AD8D102F087FF201A20EAE07017
:1053F000D3E700BF8C050020AC050020C981000068
:10540000014B9868704700BF8C0500202DE9F843D8
:1054100004468789EFF31186202383F31288BFF3B4
:105420006F8F037C190705D586F31188BFF36F8F43
:10543000BDE8F883D90943F008026FD10274A3686C
:1054400013B1204602F06DFE04F1180002F01FFFB8
:10545000A56D04F15808A84511D04FF0000975B1A9
:10546000284602F05EFE05F1180002F010FFC5F8B4
:1054700078902846FFF71CFEA56DA845EFD1DFF810
:10548000BC80D8F808309C4250D1EFF30589B9F1BF
:10549000000918BF4FF00109D8F81850284A954262
:1054A00000D00DB9D8F80C50AB4202D0284600F01D
:1054B0007BF82046C8F8145001F087F9B9F1000FC5
:1054C00002D02048FFF7D0FDD8F808309C4230D1F8
:1054D000EFF305836BBBA289D20711D586F3118840
:1054E000BFF36F8F83F31188BFF36F8F04231846C8
:1054F00002DFEFF31186202383F31288BFF36F8F4F
:105500003046FFF7BDFDFB0792D5002383F31188DA
:10551000BFF36F8F0423184602DF89E703F07F0390
:1055200043F00803037402F0F4FD88E74FF000092C
:10553000B2E786F31188BFF36F8FE4E78C05002094
:10554000A405002018030020027C12F01F0203466D
:1055500010D10A4988420DD00949086868B1D98933
:105560007F2909D893F90E20064B1B689A42B8BFD1
:105570000020704700207047104670471802002036
:10558000A8010020B0050020044BC01A044BC01035
:105590005843044B01221A54704700BF980300205F
:1055A000ABAAAAAADB06002070B50C4B0C4D1E7CE2
:1055B000FFF7CAFF182303FB06550446284602F0EE
:1055C00066FE084B00229A553CB1621E28460649E9
:1055D000BDE87040D31700F065B870BD8C050020A1
:1055E00098030020DB0600208955000038B5EFF352
:1055F0001185202383F31288BFF36F8F0F4B104A5E
:105600009C681068A04206D1FFF7CEFF85F3118891
:10561000BFF36F8F38BD00211B7C1160094AD35C3A
:10562000002BF3D02046FFF78FFF0028EED0237C1D
:10563000DB0601D1FFF7C8FD2046E5E78C05002019
:10564000AC050020DB060020024B1868984208BF1A
:1056500000207047AC010020034B1B680BB9FEF71C
:105660002FBE0020704700BFB405002030B570B1D8
:105670000B4B5B6898420AD0036843B1D3E904211D
:10568000D0E90445121941EB0501C3E90421D0E931
:10569000003213605A600023C0E9003330BD00BF00
:1056A000AC010020B3F1FF3F08BFB2F1FF3F2DE98D
:1056B000F84F0446994615461F467AD08160EFF3AD
:1056C0001188202383F31288BFF36F8FB9F1000F85
:1056D000DFF8E4A020DBFFF7BFFFDAE900270135A0
:1056E00049F100092D1849EBE073C4E90453AD18E2
:1056F000064643EB07074FF00109FFF7A5FFDFF868
:10570000BCE0DEF804A00346EBB9C4E900EACAF83D
:105710000040CEF8044028E0DAE900126FF00103FF
:105720005B1A4FF0FF3161EB02025B1B62EB090277
:10573000012B72F10001BCBF01230022C0E9043239
:105740004FF00009D9E7D3E9041CD4E904208A42C8
:1057500070EB0C0B24DA891A5A686CEB0000C3E971
:105760000410C4E9003214605C60FFF76DFF8442EE
:105770000ED1134B1B685BB9B9F1000F02D1FFF7D3
:105780006BFF0646304602F06BFD0021FEF766FD1A
:1057900088F31188BFF36F8F28463946BDE8F88F2C
:1057A000521A60EB0C005345C4E90420ADD01B68CD
:1057B000AAE700252F46EFE7B0030020AC01002048
:1057C000B40500202DE9F047DFF8A890DFF8A880A5
:1057D000C9F800000246FFF737FF0D4600260027F4
:1057E000D8E900134FEAE27E50B1D0E9044CA2425E
:1057F0007EEB0C0A1BDAA41A6CEB0E06C0E9044619
:1058000052184FF0000443EB0E032046C8E9002372
:10581000C9F8004002F024FD2146FEF71FFD85F384
:105820001188BFF36F8FBDE8F047FFF7DFBE611847
:1058300043EBE473C0E90467C8E90013FFF716FF00
:1058400001224FF00043C0E9042385F31188BFF320
:105850006F8F83689847EFF31185202383F31288B5
:10586000BFF36F8FD9F80020121BC9F80020FFF793
:10587000EBFEB5E7B4050020B003002010B5EFF350
:105880001184202383F31288BFF36F8FFFF7E4FEA8
:10589000054A0346D2E90001181841EBE37184F38D
:1058A0001188BFF36F8F10BDB00300202DE9F04FBA
:1058B0008BB04368009383789C078046924640F102
:1058C000F98000250878002800F0F68025280AD005
:1058D0004B1C019301354146009B98470028C0F2BC
:1058E000E3800199EEE74E788B1C252E0193F1D0D1
:1058F0000027B9463C460A221F2C22D8A6F12003D5
:10590000102B20D8DFE803F0141F1F1A1F1F1F0BD6
:105910001F1F1F121F171F1F090044F00104019BC6
:1059200013F8016B0193002EE6D13AE044F0020433
:1059300044F00404F3E744F00804F0E744F01004F2
:10594000EDE77F2C24D8A6F13003092B08D8600698
:105950004EBF02FB073702FB093944F02004DEE7A3
:105960002A2E0DD161065AF8043B53D4002BA7BF51
:1059700044F020049946C3F1000944F02804CEE71E
:105980002E2E05D1630600F1978044F04004C6E74F
:105990006C2E2ED028D8682E32D06A2E37D04C2EBE
:1059A00035D0002F46F02003B8BF24F04004A3F107
:1059B0006502BCBFA4B20027022A01D9612B2BD1FA
:1059C0000AF1070A2AF0070A9C4E0AF1080A07277B
:1059D000210760D506EB070B34465C455DD1AE1B55
:1059E000A219A9EB070959E1742E98D07A2E96D006
:1059F000D7E7260648BF44F4007444F080048EE7DD
:105A0000E00548BF44F4007444F4807487E744F42C
:105A1000207484E71F4682E7A6F16302122A00F28F
:105A2000D880DFE812F013004D00D600D600D60073
:105A3000D6004D00D600D600D600D600D600E8002D
:105A4000D100D600D6001A00D600A0005AF8043BB8
:105A50008DF81030012704AEBAE75AF8046B784B82
:105A6000002E08BF1E4614F0400F14BF39464FF0F9
:105A7000FF31304602F05DFC0746A9E7009B414636
:105A80002020984700280FDB013CA742F6D34D4465
:105A90002D1BA1469EE74C46F7E714F8010B009B2F
:105AA00041469847002898DA98F8023043F00403FA
:105AB00088F802304FF0FF3528460BB0BDE8F08F74
:105AC000220630D5A3052AD50AF1070A2AF00703D2
:105AD0009A4659685AF8080B24F0100B00291FFA4F
:105AE0008BFB2FDA404261EB41014BF4806B04AC3D
:105AF0000A23224602F029FC1BF0400FA0EB04020F
:105B000000F08E802BF001049742A4B240F38F8006
:105B1000002E40F08E802BF01104A4B21DE05AF844
:105B2000040BC117D8E7E0055AF8041B01D4084656
:105B3000F7E7A2054BBF48B208B241F3C01141F3E9
:105B4000C031C9E750EA0103D1D16306CFD5002F98
:105B5000CDD124F01104A4B23A463B4640F20641AE
:105B60000C4262D124E024F01004A4B20A2314F001
:105B7000800243D014F400711FBF0AF1070A2AF013
:105B800007029246516814BF5AF8080B5AF8040BE2
:105B900050EA01023ED124F0160B62061FFA8BFB7D
:105BA0003CD5002F3AD124F01704A4B23A463B4624
:105BB00021075AD4E10705D5994572DDA9EB030306
:105BC0009F184B469B464AE044F010041023782669
:105BD000CDE7782B04D1C6F1780343F01003C6E774
:105BE000009B4146252098470028FFF65DAF02350F
:105BF0004146304670E608230026B8E714F4807169
:105C00005AF8040BC4D014F400711ABFC0B2114684
:105C100080B2BDE724F006041FFA84FB04AC68E7F9
:105C200013465C46E10699D52EB90133C0E7134609
:105C3000F8E73B46F6E70233BAE700BFD78C00002F
:105C4000D08C0000CDE902324146009B20209847CD
:105C50000028FFF629AFDDE902320BF1010BD9452F
:105C6000F0DCEB1A03EB0B055B46E10627D5CDE92B
:105C700002324146009B302098470028FFF614AFBF
:105C8000DDE902327EB901352F44791B8A4229DBD6
:105C9000144604AE9CBB2A44A9EB03091546914463
:105CA00042E017468EE7CDE90232023541463046E2
:105CB000009B98470028DDE90232E5DAF4E640F27D
:105CC00006410C42E0D014F0020F14BF2B2020201C
:105CD00014F4806FCDE9023205F10105414618BF89
:105CE0002D20E5E7CDE902324146009B3020984760
:105CF0000028DDE9023205F10105C6DAD4E6013CEF
:105D0000CDE90232305D009B414698470028DDE92D
:105D10000232BFDAC8E6009B41462020984700289F
:105D200005F10105FFF6C0AEA9EB0503002BF2DC7F
:105D3000D7E500BF30F0004270B50146034604D1FC
:105D4000BDE87040012000F045B8002803DABDE846
:105D5000704000F047B8B0F1FF4F02DBFAF716FAD7
:105D600070BDB0F5000F2DDA4FF09841FAF716FB31
:105D70006FF018020346D8157F381044C60F00EBA9
:105D8000D070C3F31604FAF7B5FA0546C6F17F00E2
:105D900044EAC050FAF768FE0B4906462846FAF76F
:105DA000FDFA0A4904463046FAF7F8FA0146204659
:105DB000FAF7ECF9064904462846FAF7EFFA0146E5
:105DC0002046CBE70022D6E7DB275435D95BDE3E01
:105DD00080209A3E08B1024870474FF0FF4070475C
:105DE000000080FF08B502F007FB014808BD00BFB6
:105DF0000000C07F7047012303FA01F103691B68AB
:105E0000194218BF82F0010212B18368DB6818479B
:105E100083681B69FBE710B54FF4004C20EAE0747F
:105E2000002140F2E7304FF47A720023E4FB0C01CA
:105E3000FAF7A0FCBDE8104002F0D9B9FFF7EBBFBC
:105E400002F018B908B502F05BFA4FF47A72A0FBC1
:105E5000020302FB0133C00B40EA434008BD08B512
:105E6000FDF7B2F808BD002070477047704707B5CE
:105E70000023019301A800F0F9FE18B1802003B0BF
:105E80005DF804FB00F017FF019B03F00100990788
:105E900048BF40F002005A0748BF40F0040019070D
:105EA00048BF40F00800DA0648BF40F010009906ED
:105EB00048BF40F02000DA0502D540F04000DEE7A0
:105EC000002BDCD00028DAD1D8E713B50024CDE9C7
:105ED00000440821684600F0B5FE032813DD00F1F8
:105EE00008030DEB030010F80B4C10F80C3C2404D5
:105EF00044EA036410F8093C1C4310F80A3C44EAE5
:105F0000032002B010BD2046FBE708B50120FCF7D6
:105F100017FB1FB50B468DF80C00009201210022E3
:105F200003A8FBF767F805B05DF804FB07B504228A
:105F30000DEB0201FFF7EDFF019803B05DF804FBE4
:105F40001FB560F07F008DF80C00009200230A4618
:105F500003A80121FBF74EF805B05DF804FB07B577
:105F600001228DF807000DF107010D20FFF7E8FF72
:105F700003B05DF804FB1FB560F03F007F298DF88A
:105F80000C00C8B281BF60F07F00C9098DF80D0018
:105F90008DF80E1098BF8DF80D0000938CBF032173
:105FA0000221002303A8FBF725F805B05DF804FBE8
:105FB00007B501238DF807200DF10702FFF7DBFF7E
:105FC00003B05DF804FB1FB57F294FF00003039376
:105FD00084BF86238DF8093040F0400088BF10232D
:105FE0008DF808008CBF8DF80A308DF809100092EA
:105FF00002A88CBF0321022103AB0022FAF7FAFFAB
:10600000039805B05DF804FB13B502238DF8040076
:10601000002401AA04212D208DF80540FFF7ABFFD5
:10602000032206212D20FFF7C3FF224606212D2043
:10603000FFF7BEFF04220A212D20FFF7C4FF02B0A4
:1060400010BD0020FFF772BF07B50422ADF80410A1
:10605000ADF806000DEB02010320FFF771FF03B05E
:106060005DF804FB0A4601460920FFF769BF07B542
:10607000152340F4AE10ADF80000ADF80230052253
:106080000023694608208DF80430FFF759FF03B05C
:106090005DF804FB0220FFF762BF014605220A20DB
:1060A000FFF74EBF07B54FF48073022201A90D2000
:1060B000ADF80430FFF744FF03B05DF804FB73B59F
:1060C000042205460E4610200DEB0201FFF721FFCA
:1060D0009DF8044004F07F0455B1B44208D824B1BF
:1060E000224629461120FFF714FF204602B070BD5A
:1060F0000024FAE7014605221520FFF70ABF0146F2
:1061000005221720FFF705BF10B586B0044604A985
:1061100004221020FFF7FDFE049B1B0D238004A921
:1061200008221220FFF7F5FEBDF810302381BDF8DC
:106130001230A380BDF81430E380BDF816306381BF
:1061400040F25553ADF80C3004230093002204AB09
:10615000022103A8FAF74EFFBDF81030A381BDF865
:106160001230638006B010BD08B54020FFF7F7FE7F
:10617000BDE808400A20FFF763BE08B5E02203210E
:106180003620FFF715FFBDE80840F0220321362036
:10619000FFF70EBF07B5052269460F20FFF7B9FECE
:1061A00000989DF8041003B05DF804FB002814BFAC
:1061B0008620062008B5FFF7D2FEFFF7EBFF00F0C0
:1061C000006001F00401084314BF4FF0FF300020CD
:1061D00008BD1FB5029002A88DF80C10FFF75DFFF7
:1061E0004FF44073022201A90D20ADF80430FFF7EF
:1061F000A7FEFFF7CFFF020100F000630AD5FFF70B
:10620000B3FFFBF7A5F9FFF74DFF4FF0FF3005B0E7
:106210005DF804FB1846FAE7FAF782BE7047FAF712
:106220009DBE0B0A017043700B0C090E8370C17088
:106230007047D8B1CBB10C39342916D8017841292F
:1062400013D14178882910D1B0F8031091420CD1B4
:1062500082781A705980B0F805209A80B0F807202B
:10626000DA80427A1A72012070470020704770B5B8
:106270000446BDF81000637141251B0A2570E270C9
:10628000A371120AE071059EA1708825000A1023EF
:1062900065702271207263723278012A06D804F187
:1062A0000A007168FFF7BDFF0E2070BD022AF36877
:1062B000757A04F10C002CD04BB3242D28BF002597
:1062C0000323A3727378E3727168FFF7AAFF337A2E
:1062D0002374337C6374716904F11200FFF7A1FF2A
:1062E000B6F91830A375C3F30723E375B6F91A306E
:1062F0002376C3F307236376A5761DB32A46F16898
:1063000004F11B0001F0FFFF1B35E8B2CDE71D468D
:10631000D6E7ABB12D2D28BF00250223A3727378D9
:10632000E3727168FFF77DFF337A237465745DB1A2
:106330002A46F16804F1120001F0E5FF1235E4E7A6
:106340001D46EAE71B20B0E71220AEE770B5044611
:10635000BDF81000637141261B0A2670E270A3711C
:10636000E0712223059DA1708826120A000A66703A
:106370002271207263722B78012B06D804F10A0077
:106380006968FFF74EFF0E2070BD0223A3726B7881
:10639000E37204F10C006968FFF743FFB5F90830B8
:1063A0002374C3F307236374B5F90A30A374C3F3EA
:1063B0000723E3741420E7E703460C294FF000009D
:1063C000D0709080D0801081907206D10121117020
:1063D0009B7853709070012070470F2908D1997AEB
:1063E00002291AD11170D97A51701B7B9370F2E790
:1063F000172912D1997A03290FD11170D97A5170C6
:10640000197B9170597BD170D9899180198AD1807B
:10641000598A11811B7D9372DDE770470C2905D1E4
:106420000123137000235370012070470E2906D1F9
:10643000837A991E012902D81370C37AF3E70020EA
:10644000704701398BB2072B0DD801238B400342D3
:10645000DAB208D0531E0340002003B970475A1E19
:1064600001301340F9E74FF0FF307047014640F22A
:10647000E73008B54FF47A72002300EBC130490CC5
:10648000FAF778F9BDE8084001F0B1BE03460068AC
:106490001979704710B5FAF701FE90B9FAF7EAFEDC
:1064A000044688B901214DF6CA60FFF7CDFDFAF721
:1064B000E3FD60B1FBF75EF860B9FBF737F8204603
:1064C00010BD4FF0FF34FAE76FF00104F7E76FF00B
:1064D0000204F4E76FF00304F1E708B5FBF726F8D0
:1064E000BDE80840FFF7DEBD08B5FFF73DFEFBF74E
:1064F0001DF8FFF7D7FDBDE808400020FBF73ABBC9
:1065000008B5FBF713F8FFF7CDFDBDE80840002004
:10651000FBF730BB00EBC100408840087047F8B57E
:106520000346FFF7F7FFB0FA80F0C0F11F0003EB5E
:10653000800CCA00DCF81060171D0C4606328DB2C4
:1065400056B9012101FA00F0D9680143D960CCF8AD
:106550001040DD539D52F8BDF1000431585AD85314
:1065600003EBC0009E52C5805D52F4E7043A2DE96A
:10657000F843CC1D114424F0070421F00706A6EBD4
:1065800004084FEAD807B7FA87F2C2F12405AD0034
:106590004FF000090735C2F12002ED0804604946BA
:1065A000A760C4F80C90920004F1100001F0B9FE4D
:1065B000AAB2530043F0010363807B1B9BB204EB40
:1065C000C5015800A4F80090488024F83520A6F8AA
:1065D000029024F8083004EBC70329465A8842F099
:1065E00001025A802046BDE8F843FFF798BF00201B
:1065F00070470FB407B504A951F8040B0191FBF7DC
:106600006DFF03B05DF804EB04B07047038B13F02B
:10661000070306D10368002B18BF032008BF002022
:106620007047022B05D1408BB0FA80F04009800002
:106630007047012B04D10368002B18BF0520EDE73C
:106640000020704710B50C4600B111B96FF015006D
:1066500010BD081D00F087F80028F9D1A368032BAE
:10666000F6D9F3E72DE9F0410D4607461946281DF6
:1066700090461E4600F088F8044638B1334642463C
:1066800029463846A446BDE8F0416047BDE8F081A0
:1066900010B4EFF31182202484F31288BFF36F8FBC
:1066A000416110BC0121FBF761BF38B50C460546BE
:1066B00058B151B10B6843B14B6833B11C22002172
:1066C00001F02FFE2C61002038BD6FF01500FBE7B4
:1066D000F8B504460E46FFF7B5FF051E3BDBEFF3AA
:1066E0001182202383F31288BFF36F8F638B278B74
:1066F0004FF6FF718B4207F007072ED0062F2FD8D9
:10670000DFE807F0182E082E180418006FF0850532
:10671000002303E0013363830225012382F3118800
:10672000BFF36F8FBBB100233A4631462046FFF7D7
:1067300099FF10E000233360636823B9C4E9006661
:1067400027B13D46E4E71E606660F9E70221204676
:10675000FBF70CFF3D462846F8BD6FF00A05D7E76A
:106760006FF00405D4E7034658B1426802F0030213
:10677000012A03D0032A04D1026812B100209860D4
:1067800070476FF0150070474268816002F00302A5
:10679000032A4FF0000203460CBF006810465A60FF
:1067A0007047704701F0BDBD01F0ADBD0146006806
:1067B000FCF70CB808B5FCF739F8BDE80840FCF761
:1067C00071BB00210120FCF701B86FF08500704714
:1067D00061B662B680F31188BFF36F8F704772B6EF
:1067E000002383F31188BFF36F8FBFF34F8F30BF48
:1067F00062B6BFF36F8F704772B6002383F31188C0
:10680000BFF36F8FBFF34F8F20BF80F31188BFF3AB
:106810006F8F62B67047202809D9B0F1004F08D8B1
:106820000138B0FA80F0C0F11F0040007047082026
:1068300070473E2070470369C9B20C2202FB013346
:10684000186C00F00700704770B50346C9B20069C4
:10685000EFF31186202484F31288BFF36F8F0C2589
:1068600005FB0104246C14F0C00401D0A24210D135
:1068700005FB010001220264002086F31188BFF3AA
:106880006F8F28B95B6803EBC1035B6898470020F2
:1068900070BD4FF0FF30F0E78022FFF7D5BFF8B5AD
:1068A000069F04690546C9B2EFF3118C202080F3DE
:1068B0001288BFF36F8F0C2606FB0146306C00F088
:1068C000070EBEF1010F11D1376400268CF3118839
:1068D000BFF36F8F46B90C2000FB0144C4E90E23BF
:1068E0006B6853F8313098473046F8BD00F0C0006F
:1068F00087420CBF6FF077064FF0FF36E6E713B51F
:1069000080240094FFF7CBFF02B010BD10B40069E3
:10691000CBB21C2404FB0300002110BC104710461E
:10692000FEF7D4BA00F058BD43685B68D3F8103561
:106930000B600020704743685B6802EA010021EAAF
:106940000201C3F80805C3F80C150020704743681E
:106950005B680020C3F80815704743685B68002037
:10696000C3F80C15704743685B68D3F8042521EA27
:1069700002001140C3F80805C3F80C150020704749
:1069800030B50369586800B30024884219D10868FB
:106990008CB99C685860A14200D1986000200860C2
:1069A0002AB15A680A609A68596002B99960002051
:1069B0000FE02846E9E720609868814208BF9C60A4
:1069C000ECE705680446002DF3D1002AE9D16FF009
:1069D000150030BD00F0B1BF2DE9F043476840F22B
:1069E0000636D0063B7C87B002EA060654BFC2F3E7
:1069F000401C4FF0030C01F01F05B6F5837F1446D1
:106A000045EA43158DF803C042D00DD8062E16D0A6
:106A100005D8A6B1022E3DD06FF0150035E0B6F5D1
:106A2000807FF9D101260AE040F20222964233D05B
:106A3000B6F5407F32D0B6F5007FEDD102262203B5
:106A40002ED57A6801238B40C2F80835B86878BB28
:106A500005F01F026D0974D1920002F1A042C4F347
:106A60000041D2F8003781F00101C4F3404423F41F
:106A7000E16344EA410423F007031C4344EA8C0425
:106A800044EA0624C2F80047002007B0BDE8F083BE
:106A90000726D4E70426D2E70526D0E70326CEE76B
:106AA000630341BF01237A688B40C2F80C35CDE700
:106AB0000DF10202294600F0C0FE14F4403F80466A
:106AC0000CD1B868294600F0E6FEB8F1000FDBD122
:106AD0009DF80210B868FDF77DFFD5E74FF000097B
:106AE00001ABCDE90199CDE90439CDF80C90B86836
:106AF00003AA294600F09CFD4845C5DB14F4003389
:106B000014D0C4F300449DF803308DF80E3084F0A7
:106B100001048DF80C608DF80D40B8684B4603AA4F
:106B2000294600F020FE0028CFDAADE7CDE9043396
:106B30000DF103030393B86803AA294600F078FD1A
:106B4000F1E702F5E07250F82230FFDEF0B544685C
:106B50001646A068227C01F01F0587B045EA421561
:106B6000002869D0B6F5001F04D1294600F0DCFEEC
:106B7000002052E06268607CC2F8240501AA00206F
:106B8000B6F5800F0190506036D1B3F1007F14BF8D
:106B9000052304238DF804300023CDE90423039357
:106BA000E36823FA01F111F001010DF1030736D179
:106BB000B6F1A07F33D105F01F036A0903F5E07336
:106BC0003DD14FF0A04252F82330DB0727D4A06814
:106BD0003A46294600F031FE163018D00297A068D8
:106BE00003AA294600F024FD002816DBA068012234
:106BF000294600F052FEBBE7B3F1C06F05D0B3F1F8
:106C0000007F14BF01230223C4E70323C2E7A06867
:106C10003946FDF7E5FE0028E0DA07B0F0BDA068D0
:106C20003A46294600F009FE0028D8D19DF8031005
:106C3000A068FDF7CFFED2E76FF08500EDE751F8D1
:106C40002330FFDE13B54FF080520829136E526EC9
:106C500028BF082112BA00921BBA0C460A466946A0
:106C6000019301F050FB204602B010BD4FF080436D
:106C7000D3F8002402F00103910748BF43F010034A
:106C8000110748BF43F48073D10348BF43F080032A
:106C9000510348BF43F02003510748BF43F00203AC
:106CA000910348BF43F08003120348BF43F08003C1
:106CB0000360002070474FF080434FF0FF32C3F86D
:106CC00000240020704730B543681360057A44689B
:106CD00004EBC504A34202D36FF0010030BD5C7920
:106CE0008C4203F10803F0D10020F7E770B50646A7
:106CF000446C4FF4FA535C4356F8203B4FF4004C7D
:106D00001B68B4FBF3F40546C83440F2E7300021B9
:106D10004FF47A720023E4FB0C01F9F72BFD0246D5
:106D20000B463046FEF706F908B9286B70BD6FF0C8
:106D30007300FBE7002201212320FCF73BB810B5CC
:106D40000B6813B91360184605E003685C681CB152
:106D500014600368186810BD083303600B68013BBA
:106D60000B60EDE710B5036804468BB11A7D7AB16C
:106D7000186901F07FF9236898681B7B012199400D
:106D800003691B68194283680CBF1B69DB6898475D
:106D9000A36933B9636004F11000BDE81040FEF749
:106DA00095B810BD08B50069436E8B4204D16430BC
:106DB000FFF7D8FF002008BD4FF0FF30FBE738B5E4
:106DC0000446056900F0CCF9C0B90122014605F17D
:106DD000BC0001F08CF905F16400FFF7C3FF03214B
:106DE000204600F094F9002802DA10F1860F05D150
:106DF0000121204600F08BF900EAE07038BDF7B5BC
:106E00000669D6F8B020D6F8B85007469AB9C5B189
:106E10002C46D6F8AC1031B33ABB1146D6F8B43094
:106E20002BB3002D04BF2C4623460094384600F0B7
:106E30005DF903B0F0BDA5B195422C4628BF1446BC
:106E4000E7E7716E8B88DB0401D400F00FF90023B3
:106E5000C6F8943006F1840003B0BDE8F040FEF7B8
:106E600035B81446D5E70A46D8E72246D6E71C4689
:106E7000DBE770B50D1E046906460ADA616E00F0A4
:106E8000F5F8C4F8945004F18400BDE87040FEF7B2
:106E90001DB8D4F8B030CBB19D4217D85B1BC4F8F5
:106EA000B030ABBBD4F898300833C4F89830D4F87D
:106EB0009C30013BC4F89C3004F1B00204F19C0109
:106EC00004F19800FFF73BFFC4F8AC00D4F8B830E9
:106ED000CBB19D4217D85B1BC4F8B83003BBD4F8C4
:106EE000A0300833C4F8A030D4F8A430013BC4F873
:106EF000A43004F1B80204F1A40104F1A000FFF7EA
:106F00001EFFC4F8B4003046BDE87040FFF777BFFD
:106F1000D4F8AC30002BD9D02B44C4F8AC30D5E732
:106F2000D4F8B430002BEED02B44C4F8B430EAE7E8
:106F30000069BC30FDF7CABF03460A4600681979EC
:106F4000012303FA01F103691B68194218BF82F09B
:106F5000010212B18368DB68184783681B69FBE78D
:106F6000F0B504694768D4E917128B1A85B0064654
:106F700004D1BB6805B0BDE8F0401847BD8B616D1A
:106F80009D4228BF1D4621B101F06043B3F1005F6F
:106F900006D1A36D3BB103F06043B3F1005F02D0B3
:106FA000082D28BF08250023236551B1114401F0A5
:106FB0006043B3F1005F04D038692A4601F0A3F9B9
:106FC0003969A36D43B1226E134403F06042B2F1FC
:106FD000005F1CBF7B692365002914BF2A4600227D
:106FE000002BCDE90123009108BF0025694600224E
:106FF0002046039500F05FFE014618B173683046E5
:107000009B68984705B0F0BD70B50C690E46216DC0
:10701000054639B1236EA06D2A69184401F073F951
:10702000002323652969AA68236E91422CBF5B184F
:107030009B1823663046BDE87040FFF791BF0847B4
:1070400010B503691B680722C3F800250B7D0C46A9
:107050005BB1012104F10800FFF76EFF237D23B12E
:107060002069BDE8104001F005B810BD38B50369CE
:107070001C680B7D0D464BB1086900F0FBFF2B7DB2
:1070800023B1002105F10800FFF756FF4FF08053B0
:10709000D3F83021511C09BF4FF07043D3F834317D
:1070A00093F8E02FD3F8E83F08BFC3F30313062A91
:1070B00018D1032B16D04FF0FF320023D4F8080567
:1070C000D4F80C15C4F80035C4F80825C4F80C250C
:1070D0000922C4F80025C4F80035C4F80805C4F82E
:1070E0000C1538BD0023C4F80035FAE710B4046964
:1070F000C4E91513019B93422CBFE365E2650023AD
:10710000236610BCFFF72CBF006900F0CDBE01293B
:1071100013B515D008D9023901298CBF6FF01500BD
:107120006FF0850002B010BD046994F830302BB1C7
:107130002046FDF769FD002384F830300020F1E798
:1071400043685C6801AA00212046FFF7BCFD0028C7
:10715000E8DB019B226819791868FCF7F7FBE1E787
:107160002DE9F843436804461B6898476368DE7F4F
:10717000DC6800250127B54202D30020BDE8F88372
:1071800020682179E388D0F810E0D0F80890DEF884
:1071900000C0DA0754BF43F4B01383F4D01323F4D0
:1071A000801207FA01F8DB074CBF48EA0C032CEA0F
:1071B0000803CEF80030D9F800309847083400288A
:1071C000DCD10135D7E700F150039B009BB203F1FE
:1071D000804303F5883300221A601B68704708B5A6
:1071E000FCF79AFE08BD4FF0FF30704708B5006904
:1071F00090F83430994207D290F835303BB1C9B29B
:10720000FDF730FD002008BD6FF01500FBE76FF0C3
:107210000A00F8E71FB5046900230193CA07039326
:10722000236B02935CBF012301938B0758BF019B23
:1072300001A958BF43F00803204658BF019300F04E
:10724000D3FE002806DB204600F0DDFE012384F893
:107250003530002004B010BD4FF08053D3F830011A
:10726000421C04BF4FF0704393F8E00F831F584255
:10727000584170474FF0704393F8E02F062A08D129
:10728000D3F8E80F00F0F000A0F130035842584165
:1072900070470020704703460020184700F0EABE00
:1072A00010B502461168B1B1BFF35B8FB1FA81F33B
:1072B000C3F11F000123834021EA030352E8004F7A
:1072C0008C4204D142E8003CBCF1000FF6D1BFF380
:1072D0005B8FE7D110BD6FF00B00FBE710B50368C3
:1072E000CB40DB0714D401238B400268BFF35B8FD4
:1072F00043EA020150E8004F944204D140E8001CE8
:10730000BCF1000FF6D1BFF35B8FEED1002010BDB2
:107310006FF01500FBE770B50C46002105460846E6
:107320001646FDF793F948B93378DB0003F1804343
:1073300003F5F833C3F81055C3F8144570BD10B108
:10734000012802D07047FDF77BBAFDF72BBA18B1C0
:10735000012803D100F025B800F03EB8704708B509
:10736000FDF73CFABDE80840FDF7C6BA4FF0805281
:10737000D2F83031591C09BF4FF07042D2F83401B5
:10738000D2F8E80F92F8E03F08BFC0F30310062BD5
:1073900005D10338012894BF002001207047002048
:1073A0007047FDF7C5B938B54FF080440223C4F8E3
:1073B00008330123E3600023C4F80431D4F8043116
:1073C00042F21075D4F81834DB0304D50120FFF71E
:1073D00065FF013DF6D138BDFFF7E5BF4FF08052A4
:1073E000D2F83031591C09BF4FF07042D2F8340145
:1073F000D2F8E80F92F8E03F08BFC0F30310062B65
:1074000005D10338012894BF0020012070470020D7
:107410007047036803F01F025B0902600CBF4FF066
:10742000A04000207047F7B51646019001A8DDE99D
:1074300008471D46FFF7EDFFB6F1000C18BF4FF0EF
:10744000010C019B0A1E18BF0122002D42EA4C02CA
:1074500003F5E0730CBF4FF0000C4FF00C0C002C48
:1074600042EA0C020CBF4FF0000C4FF4E06C002F0E
:1074700042EA0C0250F823000CBF4FF0000C4FF40E
:10748000403C42EA0C0220EA020201B109780EB146
:107490003678760011430DB12D78AD0031436CB1D3
:1074A0002078000229430FB13F783F0408434FF092
:1074B000A042384342F8230003B0F0BD2046F1E774
:1074C0001FB50DF10F03019300238DF80F100093EA
:1074D0001A461946FFF7A7FF05B05DF804FB70B523
:1074E000CBB20833164630F81330DA0504460D46A1
:1074F00009D5C3F3432300EBC302314650F83330C0
:10750000526828469847A3682BB1E268314628465E
:10751000BDE87040184770BD10B4CBB200EB430318
:107520009A8AD1051BD5C2F3432122F4F8529A82DC
:1075300000F1520400F1120232F8023F13F4807F8E
:1075400003D0C3F34323994209D0A242F4D100EB04
:10755000C10300225A6010BC5830FFF7BFBE10BCF8
:10756000704738B5034611F001000ED04FF0A0452A
:10757000D5F820451C60C5F82045FFF72FFF08B15E
:10758000D5F82035201E18BF012038BDF0B50346C0
:1075900000F58074002005460127844695420AD1F3
:1075A000D3F87C2132B10022C3F87C21D3F87C319E
:1075B00040F00040F0BD25F0404607FA06F63142A3
:1075C00009D0D4F800E0BEF1000F04D0C4F800C028
:1075D000D4F800E0304301350434DFE7C9B200EBF2
:1075E0004100808A830643BF400B800000F5807015
:1075F0004FF4BE7070470246CBB202EB430308461D
:107600009B8A990611D599070FD410685B0B01214D
:107610009940C0F80813126802EB8303D3F81025D1
:1076200022F00302C3F8102570470021FFF748BF7E
:10763000F0B5136885B005460C461646DBB1CFB2EF
:1076400000EB4707BA8A02F02202222A1ED000224B
:10765000CDE900228DF80E208DF80F200DF10E01DE
:107660000DF10F022046FFF7DEFEBB8A23F0020376
:1076700043F00103BB8273682BB31A785868E3B2F6
:1076800005EB4303998A8F0703D5B0B16FF015005E
:107690001CE021F4604121F02001998268B1032AA5
:1076A000F4D8716849680F7829684FEA870C6144FB
:1076B00072B9C1F81025C1F81025998A21F01C0172
:1076C00041EA82029A82B36843BB002005B0F0BD54
:1076D000D1F8100520F00300C1F8100528686044B7
:1076E000D0F8101521F4473121F44071C0F810157D
:1076F0002102D0F810C501F4F85141EA024141EAF3
:107700000C01C0F8101505EB4701A1F85C40998AFF
:1077100041EA473141F020019982CEE7D3E9006781
:1077200021462846FFF7F8FE002ECED06B689E4219
:1077300006D005F15800FFF7B3FD002804DAC5E7CD
:10774000AB689F42F5D1002005EBC003C3E9016798
:10775000E4B205EB4404C0B2A38A43EA402343F4F5
:107760008073A382B1E7F0B5064685B00C461F468C
:10777000F2B1CDB200EB4505AB8A980701D499066A
:107780001ED413F01C0F02D05378012B18D0012304
:107790008DF80F300023CDE900230DF10F01931C6C
:1077A00020460132FFF73FFEAB8A43F00303AB8272
:1077B000002F3DD0E2B206EB4202938A9B0703D42E
:1077C0006FF0150005B0F0BD3878336803EB800327
:1077D0000021C3F81015C3F81015938A23F46043F1
:1077E00023F0200393827D784FEA800C05B3316843
:1077F000BF7861442D04D1F8103523F4981323F495
:10780000F853C1F81035230203F4F85305F440355A
:107810003F05D1F810652B4307F480173B433343F2
:10782000C1F81035938A43EA403343F02003938232
:107830000020C7E7C0E903127047C9B200EB41005E
:10784000838A990643BF5B0B002013706FF015000D
:10785000704738B590F86C4005469CB940222146E7
:10786000143000F05EFD2868C0F87C41D0F87C310F
:1078700040F30730FBF76EFA012385F86C30AB65F7
:10788000204638BD6FF07700FBE790F86C000038B9
:1078900018BF01207047FDF767B873B50C46C9B231
:1078A00000EB410105688B8A9E0619D513F002068C
:1078B00016D15B0B9C0004F580716E50695801680D
:1078C0002144D1F8104544F00104C1F810452AB113
:1078D0000168012202FA03F3C1F8043302B070BD5B
:1078E000D5F80433002BA4BF4FF00043C5F8043390
:1078F0008B8AC3F38203042B12D0052B12D001A86C
:107900000194FFF786FD019AD0F81035D34003F0BB
:107910000103991C204602B0BDE87040FFF7D0BDBE
:107920000321F7E70221F5E7FFF765BE08B5024638
:10793000FFF754FE1368184408BD2DE9F04F0746C1
:1079400085B057F8049BD9F80413C9B280460822C1
:1079500041F000414846FFF719FE051E16DA0DF109
:10796000080A0023012150460293FFF7FAFD029A0C
:1079700092B94FF000414846FFF708FE01215046FA
:10798000FFF7EFFD0028F2D125F000450124002D7E
:1079900074D105B0BDE8F08F92FAA2F4B4FA84F481
:1079A000E60808EB44031AF80620998A0394012399
:1079B00004F0070003FA00F022EA00020AF80620A9
:1079C000C1F3820B03A8CDF804B0FFF722FD039AA0
:1079D00002F5E072CB0650F82260C6F3014633D5BB
:1079E000019A38462146FFF77AFD03A80394FFF772
:1079F00010FD039B03F5E073F6B250F82330C3F398
:107A000001439E4207D100212046FFF759FD314630
:107A10002046FFF755FD03A80394FFF7FAFC039BEC
:107A2000012202FA03F3C0F82035FFF7D7FC002843
:107A30009DD04FF0A043D3F82025D3F82025D3F8CC
:107A40002025D3F8203592E7022E14BF022103210E
:107A50002046FFF735FDBBF1030F04D0022E08D1FD
:107A6000BBF1010FD7D1019A21463846FFF737FD08
:107A7000D1E7032ECFD1BBF1020FF3E795FAA5F3BF
:107A8000B3FA83F304FA03F225EA020503F5A272BE
:107A900008EB430359F82220B3F85C10C2F301420B
:107AA0003846FFF71CFD72E74FF08052D2F83031B4
:107AB000591C09BF4FF07042D2F83401D2F8E80FD8
:107AC00092F8E03F08BFC0F30310062B05D103383E
:107AD000012894BF0020012070470020704730B576
:107AE0000546900840380124844014EA010009D07A
:107AF000A85838B10021A950AA5813B11A682243D6
:107B00001A60012030BD2DE9F341002304460D46E3
:107B10000193904601AB4FF4A672FFF7E0FF4FF4DC
:107B2000827229462046FFF7DAFF4FF48C7207462F
:107B300029462046FFF7D3FF064630B1B8F1000FC3
:107B40001DD017B1D4F83C353E4601AB4FF48872D6
:107B500029462046FFF7C3FF30B1B8F1000F03D02C
:107B600016B90FB1D4F83C3501AB4FF490722946E9
:107B70002046FFF7B4FF019802B0BDE8F081464609
:107B8000E3E770B54B7F04460D467BB101234361AB
:107B90006426002202212046FFF7B5FF20B901200C
:107BA000FFF77CFB013EF4D100236B774FF080534D
:107BB000D3F83021511C09BF4FF07043D3F8343152
:107BC00093F8E02FD3F8E83F08BFC3F30313062A66
:107BD00018D1032B16D04FF0FF320023D4F808053C
:107BE000D4F80C15C4F80035C4F80825C4F80C25E1
:107BF0000922C4F80025C4F80035C4F80805C4F803
:107C00000C1570BD0023C4F80035FAE7430906D10E
:107C100001234FF0A0428340C2F80835704700238B
:107C2000C3F80835FFDE430906D101234FF0A04217
:107C30008340C2F80C3570470023C3F80C35FFDED3
:107C400070B51D4690F82030044616468BB919B120
:107C50004869FCF7D1FE78B1C4E9016511B120464D
:107C6000FCF718FF0020012384F8210084F820305D
:107C700070BD6FF07700FBE76FF01500F8E738B5DF
:107C800090F8202005466AB190F8212002F0FF0408
:107C90005AB94869FCF7B0FE50B12846FCF7FAFE25
:107CA000204638BD6FF07600FBE76FF00F00F8E775
:107CB0006FF01500F5E72DE9F04F90F8213087B00F
:107CC00004460E461746002B40F0EB8043682BB16C
:107CD00012F0140F04BF012380F8213096E80F0042
:107CE00004F1100585E80F00E06A431C05D094F804
:107CF00022309D0718D5FFF789FF3368256823B127
:107D000003F06043B3F1005F06D1B3687BB103F0C9
:107D10006043B3F1005F0AD0002384F821306FF094
:107D20000C0007B0BDE8F08FFFF77DFFE5E717F027
:107D3000010318BF0123C5F8503517F0020318BF1F
:107D40000123C5F840354FF08053D3F83031591C2A
:107D500004BF4FF0704393F8E03F062B45D1F36822
:107D6000012B42D17368012B3FD8606A00283CD0B8
:107D7000FFF78BFD28B9606A0721FFF76AFD00282D
:107D8000CFD104F12808606A4146FCF729FE00289B
:107D9000C7D103238DF800306B46CDE90180CDE9D2
:107DA0000330D5F80885606A02AA4146FFF740FC17
:107DB0000028B6D102464146606AFFF76EFD414693
:107DC000606AFFF7B3FD04F1290205F11401FFF722
:107DD000A2FA0028A5D194F82900FCF75DFC94F8DC
:107DE000223043F0040384F82230FFF75DFED6E929
:107DF00000AB07F00808D6E9029660B1B8F1000FB1
:107E000009D00026C5F84C61D5F84C314FF4002359
:107E1000C5F80433B3460023C5F844A5C5F848B5F2
:107E2000C5F83495C5F83865C5F81831D5F8183156
:107E30000723C5F80035B8F1000F03D162680123AC
:107E40002B619AB1636813BBE06A421C05D094F8B9
:107E500022309B0718D5FFF7E6FEB8F1000F03D1DB
:107E6000211D2846FFF78DFE00205AE7D5F818316E
:107E7000002BFBD002AA40212846CDE902ABCDE978
:107E80000496FFF740FEDDE7FFF7C0FEE5E717F0D9
:107E9000040F4FF0400314BFC5F80833C5F804338E
:107EA000E2E76FF00F003CE7011D0068FFF769BED5
:107EB00038B504460568FFF7F7FD10B3D5F804336D
:107EC00018031ED5D5F84C31DBB10023C5F84C3171
:107ED000D5F84C21C5F81831D5F818314FF40023E6
:107EE000C5F80833D4E90423C5F84425C5F8483556
:107EF000D4E90623C5F83425C5F8383501232B61AC
:107F000038BD04F1100240212846FFF7FCFDB0B156
:107F1000E06A411C05D094F822309A0730D5FFF76B
:107F200082FE94F821301BB1211D2846FFF729FE5F
:107F30002046002300F80C3FD4E90131984794F81B
:107F400022305B07DCD5D5F80815606AFFF7ECFC3A
:107F500094F82900FCF7A8FB94F82810606AFCF755
:107F600039FD05460028CBD194F829200146FCF7BD
:107F70007BFB94F8223065F3820384F82230BFE75C
:107F8000FFF744FECDE74162704738B5D1E90051B3
:107F900004460023C8034FF47A72490CF8F7EAFB51
:107FA0002368C3F80C55C3F80405A36863B12468BB
:107FB0000023C4F8003144F30730D4F80031FAF755
:107FC000C9FE0123C4F8043338BD38B5C0E9022323
:107FD000437933B90123437109B1FFF7D6FF00207C
:107FE00038BD6FF07700FBE708B543792BB1022B62
:107FF00006D0FFF7CAFF002008BD6FF07600FBE750
:108000006FF00F00F8E7036801221A600223437142
:10801000704710B5EFF31184202383F31288BFF368
:108020006F8F0379072B11D80B700133037102682E
:108030000978D2F8080501238B400343C2F80835BC
:10804000002084F31188BFF36F8F10BD6FF00B0019
:10805000F7E70368D3F80414D3F800214AB10022EB
:10806000C3F80021D3F80031D0E902324FF4807018
:108070001847704708B1FBF713B9704710B543694B
:1080800004463BB90020E268537843F00103537083
:10809000404210BD98470028F4D00028B8BF4042A5
:1080A000E368FF28A8BFFF201870ECE740B1C36861
:1080B000587810F001001EBF1878B0FA80F040091F
:1080C0007047EFF31183202383F31288BFF36F8F80
:1080D000FEE708B5FFF7F5FF08B52024EFF311839D
:1080E00084F31288BFF36F8FFEF779FBF6E73AB19E
:1080F0008A4205D3C0E90212C0E90000002070479F
:108100006FF015007047EFF30580003818BF0120AD
:108110007047D0E9003213605A600023C0E9003391
:10812000704708B5FFF7F5FF037C23F002030374E3
:108130000023836008BD38B504460D46FCF7F8FF00
:10814000237C43F002032374D5B1A5602B689D42C4
:1081500009D16B68C4E900531C606C6010E06A6868
:108160009A42F6D01B68002BF3D093F90E1094F9C5
:108170000E209142F3DD5A68C4E9003214605C605D
:1081800038BD10B5EFF31184202383F31288BFF3B9
:108190006F8FFCF78DFF84F31188BFF36F8F10BDD5
:1081A00008B5037C13F0280F01460CD183680BB18E
:1081B000FFF7B7FF0B7C23F004030B740846BDE800
:1081C0000840FCF775BF08BD10B5EFF311842023FC
:1081D00083F31288BFF36F8F1838FFF7E1FF84F342
:1081E0001188BFF36F8F10BD0846FCF7D9BF38B5B3
:1081F0000C460546FDF7C8F8B4F1FF3F08BFB5F1DE
:10820000FF3F1FBF47F6FF7300224FF47A71E0FB78
:1082100001321ABFD80B40EA42404FF0FF3038BD60
:1082200038B50446EFF31185202383F31288BFF39A
:108230006F8F037C5B070ED5183000F028F8237C85
:1082400023F0040320462374FCF732FF2846BDE8E0
:108250003840FCF7A5BF85F31188BFF36F8F38BD99
:1082600008B50246FDF7F0F970B1D0E904319B1A68
:1082700061EBE272B3F1004F72F1000104DA002AFF
:10828000ACBF1846002008BD6FF00040FBE738B5D2
:108290000246EFF31185202383F31288BFF36F8F1B
:1082A0000368D3B1FDF7D0F904461046FDF7DEF9B7
:1082B00000224FF000438442C0E9042305D000208F
:1082C00085F31188BFF36F8F38BDFDF7C5F9FFF750
:1082D000C7FF0021FBF7C2FFF1E7D0E90413B3F1B8
:1082E000004F08BF012904D100204FF00041C2E92E
:1082F00004016FF01500E3E708B5FDF7BFFA08BD0C
:10830000FDF7BCBA70470A44914200F1FF3300D137
:10831000704710B511F8014B03F8014F9142F9D1A4
:1083200010BD02440346934200D1704703F8011B7D
:10833000F9E710B5024601448A42134603D01C787F
:108340000132002CF8D1181A10BDF0B5C3F137076F
:108350000446FFB203F01F031046082BE6B233D0E9
:10836000102B3ED06508A40844EA817445EAC17523
:108370002D194FEA910242EB5102290941EA02719B
:108380006D1842EB1212290A41EA02616D1842EBA4
:108390001222290C41EA02416D1842EB1242AD183B
:1083A00042F10002EC0844EA4274D10804EB840272
:1083B000A6EB4205EDB2092D0CD90134A5F10A0551
:1083C00041F10001EDB212E0E40844EA417406F024
:1083D0000705C908303554EA010200F8015BBCD139
:1083E000F0BD240944EA017406F00F050909092DBE
:1083F00084BFED19EDB2EDE720F00040B0F1FF4F82
:0884000094BF00200120704729
:08840800A083FF7F01000000CA
:10841000E932000000000000893200000000000086
:108420000000000060840000000000007C84000068
:10843000000000009884000000000000B4840000E8
:10844000A5400000000000006532000000000000B0
:1084500000000000D0840000612700000000000040
:108460007F8C00004887000068860000BC01002067
:10847000BC0400207D330000000000009E8C000042
:10848000588700002C860000C00100205405002001
:1084900011390000000000008E8C00000000000078
:1084A00024860000BE01002010050020F9370000DE
:1084B00000000000B98C0000000000005886000099
:1084C000C401002068010020754300000000000086
:1084D000AC8C00006C87000050860000C2010020B8
:0C84E0009C000020BF6D000000000000A8
:1084EC005F7300009772000000000000C36700007B
:1084FC0000000000C367000000000000C36700001C
:10850C0000000000C367000000000000C36700000B
:10851C002C000020D569000000000000C36700009B
:10852C0000000000C367000000000000C3670000EB
:10853C0000000000C367000000000000C3670000DB
:10854C0000000000C3670000100500206538000023
:10855C0000000000C367000000000000C3670000BB
:10856C0068010020538000000000000071410000F1
:10857C0000000000C367000000000000C36700009B
:10858C0000000000C367000000000000C36700008B
:10859C0000000000C367000000000000C36700007B
:1085AC0000000000C367000000000000C36700006B
:1085BC0000000000C367000000000000C36700005B
:1085CC0000000000C367000000000000C36700004B
:1085DC0000000000C367000000000000C36700003B
:1085EC0000000000C367000000000000C36700002B
:1085FC0000000000C36700009C000020B17E00005A
:10860C0000000000C367000000000000C36700000A
:08861C0000000000C36700002C
:08862400A5370000F536000047
:10862C00D969000029690000376900004F69000012
:10863C005B690000676900004D6B000081690000F8
:04864C00000000002A
:08865000A93A0000A56D00002D
:1086580015720000E771000005430000ED7100008D
:10866800D533000099680000FF6800000000000092
:0C86780037680000000000000000000057
:1086900000000000E80300000000000002000000ED
:1086A000F0000018040000000000000000000000BE
:1086B0000338FDD87047000000127A000001000066
:1086C00000000000000000000000000000000000AA
:1086D0000000000080841E00000100000000000077
:1086E000000000000000000000000000000000008A
:1086F0007C8400000C0000007C8400001800010055
:108700007C840000130000007C8400001100010044
:10871000000000200000000000000B060200000026
:108720002487000000000000708C00002400020676
:1087300000000020788C00001E000B11393300006F
:108740000933000000000000A534000025340000BB
:108750000534000025690000FFFFFFFF0000005006
:108760002C0000200000000000000000356D00001B
:108770008C870000736E0000AC870000D2060020DA
:10878000CA06002000127A00FF00FF0100300240FC
:108790009887000001000000A0870000030000008F
:1087A0001000000414000005120000067C84000084
:1087B00011000100108400001884000040840000B3
:1087C00048840000588400006084000014006400A5
:1087D000F401FFFFFFFFFF004661696C65642074D0
:1087E0006F207265626F6F743A207370696E6E6984
:1087F0006E6720656E646C6573736C792E2E2E0A1D
:10880000002A2A2A20426F6F74696E67206E5246D2
:1088100020436F6E6E6563742053444B2076332E75
:10882000342E302D393935353330353536303762E1
:10883000202A2A2A0A002A2A2A205573696E6720CC
:108840005A6570687972204F532076342E342E305A
:108850002D626638303165346533643139202A2A17
:108860002A0A0072302F61313A20203078253038C2
:1088700078202072312F61323A202030782530382C
:1088800078202072322F61333A202030782530381A
:10889000780A0072332F61343A202030782530383E
:1088A00078207231322F69703A20203078253038A4
:1088B00078207231342F6C723A202030782530388D
:1088C000780A0020787073723A202030782530388A
:1088D000780A004661756C74696E6720696E7374FE
:1088E00072756374696F6E2061646472657373205E
:1088F000287231352F7063293A2030782530387846
:108900000A00556E68616E646C6564204952516E50
:108910003A2025640A002A2A2A2A2A205553414748
:1089200045204641554C54202A2A2A2A2A0A00204A
:10893000204469766973696F6E206279207A657266
:108940006F0A002020556E616C69676E6564206D4A
:10895000656D6F7279206163636573730A0020200F
:108960004E6F20636F70726F636573736F722069EF
:108970006E737472756374696F6E730A0020204998
:108980006C6C6567616C206C6F6164206F6620455C
:1089900058435F52455455524E20696E746F2050B3
:1089A000430A002020496C6C6567616C2075736513
:1089B000206F662074686520455053520A002020BD
:1089C000417474656D707420746F2065786563758B
:1089D000746520756E646566696E656420696E7382
:1089E0007472756374696F6E0A002A2A2A2A2A2013
:1089F000425553204641554C54202A2A2A2A2A0AF5
:108A0000002020537461636B696E67206572726F1A
:108A1000720A002020556E737461636B696E672063
:108A20006572726F720A0020205072656369736507
:108A3000206461746120627573206572726F720ABE
:108A40000020204246415220416464726573733AAB
:108A500020307825780A002020496D70726563699E
:108A60007365206461746120627573206572726F32
:108A7000720A002020496E737472756374696F6E98
:108A800020627573206572726F720A002020466C36
:108A90006F6174696E672D706F696E74206C617A96
:108AA0007920737461746520707265736572766184
:108AB00074696F6E206572726F720A002A2A2A2A00
:108AC0002A204D5055204641554C54202A2A2A2A06
:108AD0002A0A002020537461636B696E67206572F7
:108AE000726F722028636F6E74657874206172658E
:108AF00061206D69676874206265206E6F742076EE
:108B0000616C6964290A002020446174612041631A
:108B1000636573732056696F6C6174696F6E0A00C8
:108B200020204D4D46415220416464726573733A72
:108B300020307825780A002020496E73747275639E
:108B400074696F6E204163636573732056696F6C3F
:108B50006174696F6E0A0052657365727665642090
:108B6000457863657074696F6E2028005370757264
:108B7000696F757320696E746572727570742028E0
:108B80004952512000535053454C20696E2074685F
:108B900072656164206D6F646520646F6573206E1B
:108BA0006F7420696E646963617465205053500A64
:108BB000002A2A2A2A2A2048415244204641554C5C
:108BC00054202A2A2A2A2A0A002020427573206665
:108BD00061756C74206F6E20766563746F7220749B
:108BE00061626C6520726561640A002020446562E0
:108BF0007567206576656E740A0020204661756C85
:108C00007420657363616C6174696F6E202873658D
:108C1000652062656C6F77290A00415243485F45C1
:108C20005843455054207769746820726561736FAA
:108C30006E2025780A0A002A2A2A2A2A20446562F8
:108C40007567206D6F6E69746F72206578636570EB
:108C500074696F6E202A2A2A2A2A0A002A2A2A2AB6
:108C60002A20257320256429202A2A2A2A2A0A0054
:108C7000464C4153485F30005352414D5F300063D2
:108C80006C6F636B403430303030303030007261A4
:108C90006E646F6D40343030306430303000677057
:108CA000696F40353030303030303000737069409B
:108CB0003430303233303030007761746368646F41
:108CC00067403430303130303030006D61696E00D3
:108CD000286E756C6C29002A666C6F61742A00001E
:088CE000010203040506070070
:108CE800D486000000000000000000000000000022
:108CF80000000000FF000000344034400000000085
:108D080048484848FFFFFFFFEF650000006000404B
:108D1800000000000000000000000000000000004B
:108D2800000000000000000000000000000000003B
:108D3800000000000000000000000000000000002B
:108D4800000000000000000000000000000000001B
:108D5800000000000000000000000000000000000B
:108D680000000000000000000000000000000000FB
:108D78000000000000000000000000000030024079
:108D880000000000000000000000000000000000DB
:108D980000000000000000000000000000000000CB
:108DA80000000000000000000000000000000000BB
:108DB80000000000000000000000000000000000AB
:108DC800000000000000000000000000000000009B
:108DD800000000000000000000000000000000008B
:108DE800000000000000000000000000000000007B
:108DF8001001002010010020000000000100000008
:108E080020010020200100200000000001000000D7
:108E1800000000000000000000000000000000004A
:108E2800000000000000000000000000000000003A
:108E3800000000000000000000000000000000002A
:108E480000000000000000000000014000000000D9
:108E5800000000000000000000000000000000000A
:108E680000000000000000000000000000000000FA
:108E780000000000000000000000000000000000EA
:108E88000090D003FF00000090020000AC01002019
:0B8E9800AC0100200080008002FF0100
:0D8EA30000000000000000000000000000C2
:048EB00015E015E0D4
:0400000300002C5578
:00000001FF
