:1000000020200020392C000099670000252C0000DA
:10001000252C0000252C0000252C000000000000ED
:10002000000000000000000000000000152D00008E
:10003000252C000000000000D52E0000252C00001B
:10004000412F0000412F0000412F0000412F0000F0
:10005000412F0000412F0000412F0000412F0000E0
:10006000412F0000412F0000412F0000412F0000D0
:10007000412F0000412F0000412F0000412F0000C0
:10008000412F0000412F0000412F0000412F0000B0
:10009000412F0000412F0000412F0000412F0000A0
:1000A000412F0000412F0000412F0000412F000090
:1000B000412F0000412F0000412F0000412F000080
:1000C000412F0000412F0000412F0000412F000070
:0C00D000412F0000412F0000412F0000D4
:1000E0004FEA4102B2F1E04324BFB3F5001CDCF15A
:1000F000FE5C0DD901F0004C4FEAC0024CEA507092
:10010000B2F1004F40EB830008BF20F001007047C0
:1001100011F0804F21D113F13872BCBF01F00040C3
:10012000704741F480114FEA5252C2F11802C2F1F5
:10013000200C10FA0CF320FA02F018BF40F0010076
:100140004FEAC1234FEAD32303FA0CFC40EA0C0028
:1001500023FA02F34FEA4303CCE77FEA625307D165
:1001600050EA01331EBF4FF0FE4040F4400070479C
:1001700001F0004040F0FE4040F40000704700BF36
:1001800080F0004002E000BF81F0004142001FBF4C
:100190005FEA410392EA030F7FEA226C7FEA236C55
:1001A0006AD04FEA1262D2EB1363C1BFD21841404A
:1001B00048404140B8BF5B42192B88BF704710F0E0
:1001C000004F40F4000020F07F4018BF404211F083
:1001D000004F41F4000121F07F4118BF494292EAEB
:1001E000030F3FD0A2F1010241FA03FC10EB0C0017
:1001F000C3F1200301FA03F100F0004302D54942A4
:1002000060EB4000B0F5000F13D3B0F1807F06D350
:1002100040084FEA310102F10102FE2A51D2B1F148
:10022000004F40EBC25008BF20F0010040EA03003D
:100230007047490040EB0000013A28BFB0F5000FBD
:10024000EDD2B0FA80FCACF1080CB2EB0C0200FA73
:100250000CF0AABF00EBC25052421843BCBFD040C2
:100260001843704792F0000F81F4000106BF80F43C
:1002700000000132013BB5E74FEA41037FEA226CFF
:1002800018BF7FEA236C21D092EA030F04D092F0CA
:10029000000F08BF0846704790EA010F1CBF0020FE
:1002A000704712F07F4F04D1400028BF40F000405B
:1002B000704712F100723CBF00F50000704700F07B
:1002C000004343F0FE4040F4000070477FEA2262A2
:1002D00016BF08467FEA23630146420206BF5FEA73
:1002E000412390EA010F40F4800070474FF0000373
:1002F00004E000BF10F0004348BF40425FEA000C3A
:1003000008BF704743F0964301464FF000001CE0E1
:1003100050EA010208BF70474FF000030AE000BF37
:1003200050EA010208BF704711F0004302D5404275
:1003300061EB41015FEA010C02BF844601460020E7
:1003400043F0B64308BFA3F18053A3F50003BCFA02
:100350008CF2083AA3EBC25310DB01FA02FC6344AF
:1003600000FA02FCC2F12002BCF1004F20FA02F2B6
:1003700043EB020008BF20F00100704702F12002A9
:1003800001FA02FCC2F1200250EA4C0021FA02F20A
:1003900043EB020008BF20EADC7070474FF0FF0C0F
:1003A0001CEAD0521EBF1CEAD15392EA0C0F93EA0A
:1003B0000C0F6FD01A4480EA010C400218BF5FEAAC
:1003C00041211ED04FF0006343EA501043EA51111F
:1003D000A0FB01310CF00040B1F5000F3EBF490019
:1003E00041EAD3715B0040EA010062F17F02FD2A1D
:1003F0001DD8B3F1004F40EBC25008BF20F0010000
:10040000704790F0000F0CF0004C08BF49024CEA16
:10041000502040EA51207F3AC2BFD2F1FF0340EAA8
:10042000C250704740F400004FF00003013A5DDC19
:1004300012F1190FDCBF00F000407047C2F100025A
:10044000410021FA02F1C2F1200200FA02FC5FEA47
:10045000310040F1000053EA4C0308BF20EADC7091
:10046000704792F0000F00F0004C02BF400010F403
:10047000000F013AF9D040EA0C0093F0000F01F0B0
:10048000004C02BF490011F4000F013BF9D041EAD2
:100490000C018FE70CEAD15392EA0C0F18BF93EAD4
:1004A0000C0F0AD030F0004C18BF31F0004CD8D1FE
:1004B00080EA010000F00040704790F0000F17BF85
:1004C00090F0004F084691F0000F91F0004F14D0CB
:1004D00092EA0C0F01D142020FD193EA0C0F03D123
:1004E0004B0218BF084608D180EA010000F0004026
:1004F00040F0FE4040F40000704740F0FE4040F401
:10050000400070474FF0FF0C1CEAD0521EBF1CEA9F
:10051000D15392EA0C0F93EA0C0F69D0A2EB0302BD
:1005200080EA010C49024FEA402037D04FF0805357
:1005300043EA111143EA10130CF000408B4238BF1C
:100540005B0042F17D024FF4000C8B4224BF5B1A2A
:1005500040EA0C00B3EB510F24BFA3EB510340EA78
:100560005C00B3EB910F24BFA3EB910340EA9C0026
:10057000B3EBD10F24BFA3EBD10340EADC001B0196
:1005800018BF5FEA1C1CE0D1FD2A3FF650AF8B423A
:1005900040EBC25008BF20F0010070470CF0004C47
:1005A0004CEA50207F32C2BFD2F1FF0340EAC25072
:1005B000704740F400004FF00003013A37E792F033
:1005C000000F00F0004C02BF400010F4000F013A91
:1005D000F9D040EA0C0093F0000F01F0004C02BF8C
:1005E000490011F4000F013BF9D041EA0C0195E7F5
:1005F0000CEAD15392EA0C0F08D142027FF47DAF8E
:1006000093EA0C0F7FF470AF084676E793EA0C0F7D
:1006100004D14B023FF44CAF08466EE730F0004C7B
:1006200018BF31F0004CCAD130F000427FF45CAF0B
:1006300031F000437FF43CAF5FE700BF4FF0FF3C79
:1006400006E000BF4FF0010C02E000BF4FF0010CCC
:100650004DF804CD4FEA40024FEA41037FEA226C95
:1006600018BF7FEA236C11D001B052EA530C18BFB7
:1006700090EA010F58BFB2EB030088BFC81738BF1C
:100680006FEAE17018BF40F0010070477FEA226C0A
:1006900002D15FEA402C05D17FEA236CE4D15FEA06
:1006A000412CE1D05DF8040B704700BF844608463A
:1006B0006146FFE70FB5FFF7C9FF002848BF10F1FB
:1006C000000F0FBD4DF808EDFFF7F4FF0CBF012040
:1006D00000205DF808FB00BF4DF808EDFFF7EAFFCA
:1006E00034BF012000205DF808FB00BF4DF808ED85
:1006F000FFF7E0FF94BF012000205DF808FB00BF7A
:100700004DF808EDFFF7D2FF94BF012000205DF8FF
:1007100008FB00BF4DF808EDFFF7C8FF34BF01200C
:1007200000205DF808FB00BF4FEA4002B2F1FE4F27
:100730000FD34FF09E03B3EB12620DD94FEA0023A3
:1007400043F0004310F0004F23FA02F018BF40427C
:1007500070474FF00000704712F1610F01D1420263
:1007600005D110F0004008BF6FF0004070474FF017
:100770000000704753B94AB9002908BF00281CBFC0
:100780004FF0FF314FF0FF3000F00CB8ADF1080C26
:100790006DE904CE00F008F8DDF804E0DDE902239D
:1007A00004B07047704700BF2DE9F0478C468E4675
:1007B000089E154604461946002B40F0D08072452D
:1007C00047D9B2FA82F74FB1C7F120030EFA07FCFE
:1007D00020FA03F3BD4043EA0C0CBC404FEA154E2F
:1007E000A8B2BCFBFEF8230C0EFB18CC08FB00F9EA
:1007F00043EA0C43994528D9EB1808F1FF3204D29B
:10080000994502D9A8F102022B44A3EB0903A4B233
:10081000B3FBFEFC0EFB1C330CFB00F044EA03446C
:10082000A04214D92C190CF1FF3304D2A04202D9F2
:10083000ACF102032C44241A43EA02401EB1FC40EE
:10084000002334607360BDE8F0874246DDE763460D
:10085000F1E7002A79D0B2FA82F3002B3FD0194693
:10086000C1F1200302FA01F52EFA03F20EFA01FE9D
:1008700020FA03F343EA0E034FEA154E00FA01F49F
:10088000B2FBFEFCAFB20EFB1C201A0C0CFB07F8EF
:1008900042EA004290455AD9AA180CF1FF3004D21E
:1008A000904502D9ACF102002A44A2EB08029BB2A7
:1008B000B2FBFEFC0EFB1C220CFB07F743EA0243D3
:1008C0009F4246D9EB180CF1FF3204D29F4202D965
:1008D000ACF102022B44DB1B42EA004202E0AEEB29
:1008E000020301224FEA154EAFB2B3FBFEFC200C0F
:1008F0000EFB1C330CFB07F840EA034398452AD94A
:10090000EB180CF1FF3004D2984502D9ACF102008B
:100910002B44A3EB0803A4B2B3FBFEFC0EFB1C3379
:100920000CFB07F744EA0344A74216D92C190CF133
:10093000FF3304D2A74202D9ACF102032C44E41BDA
:1009400043EA00400F46114678E71F2188E76046DA
:10095000ABE76246BFE76046DBE76346EFE7734518
:1009600006D916B9002108466DE7C6E9000EF9E779
:10097000B3FA83F787B9734501D3824207D8841A43
:100980006EEB030301209C461EB900215BE738464D
:10099000FAE7C6E9004CF8E7C7F1200CBB4022FAA1
:1009A0000CF51D4320FA0CF12EFA0CF30EFA07FE9B
:1009B00041EA0E014FEA154900FA07F4B3FBF9F8D2
:1009C0001FFA85FE09FB18300B0C08FB0EFA43EAF0
:1009D00000439A4502FA07F240D9EB1808F1FF30BC
:1009E00004D29A4502D9A8F102002B44A3EB0A03D2
:1009F00089B2B3FBF9F809FB183308FB0EFE41EA94
:100A000003418E452CD9691808F1FF3304D28E4575
:100A100002D9A8F10203294443EA0040A0FB02984E
:100A2000A1EB0E014145CE46434602D306D14C45CB
:100A300004D2B9EB020E68EB05030138002EA4D0F6
:100A4000B4EB0E0261EB030101FA0CFC22FA07F38E
:100A50004CEA0303F940C6E9003196E74046C5E792
:100A60004346D9E70000000030F000422DE9F84F7E
:100A70000146034604D1BDE8F84F012005F09CB9BA
:100A8000002803DABDE8F84F05F09EB9B0F1FF4F3A
:100A900003DBFFF77BFBBDE8F88FB0F5000F35DA1D
:100AA0004FF09841FFF77AFC6FF018020346C3F34A
:100AB0001604DE15764B234403F400007F3E80F0DD
:100AC0007E5016444FF07E51204306EBD356FFF77D
:100AD0005BFB704B04F10F0213400546002B3ED127
:100AE0000021FFF7EFFD98B1002E00F0C8803046DE
:100AF000FFF700FC68490546FFF750FC67490446CC
:100B00002846FFF74BFC01462046C2E70022CEE70D
:100B10005DA1D1E90001FFF7E3FA2946FFF73EFCAA
:100B200001464FF07C50FFF72FFB2946044628462C
:100B3000FFF734FC01462046FFF730FC04460EB9AF
:100B400021466FE03046FFF7D5FB53490746FFF7D4
:100B500025FC524906463846FFF720FC72E04FF06C
:100B60008041FFF713FB01462846FFF7CBFC814687
:100B70003046FFF7BFFB494680464846FFF70EFC6C
:100B800001468246FFF70AFC4549DFF818B10746DF
:100B9000FFF704FC4449FFF7F9FA3946FFF7FEFB7B
:100BA0004249FFF7F3FA3946FFF7F8FB4049FFF7F0
:100BB000EDFA5146FFF7F2FB3E4982463846FFF711
:100BC000EDFB3D49FFF7E2FA3946FFF7E7FB3B490A
:100BD000FFF7DCFA3946FFF7E1FB01465046FFF725
:100BE000D5FAC4F55713A34403F5227343EA0B0364
:100BF000002B074630DD4FF07C512846FFF7CEFB37
:100C00002946FFF7CBFB014604463846FFF7BEFAFC
:100C10004946FFF7C3FB074646B901462046FFF7A2
:100C2000B3FA01462846FFF7AFFA34E71A494046BF
:100C3000FFF7B4FB194906464046FFF7AFFB3946BC
:100C4000FFF7A4FA01462046FFF79EFA2946FFF770
:100C50009BFA01463046E6E701462846FFF794FA3C
:100C60004946FFF79BFB0446002E3FF469AF0A4953
:100C70004046FFF793FB0949064640466CE70020D3
:100C800009E700BFAFF30080555555555555D53F81
:100C900020FB4A00F0FF7F008071313FD1F717370A
:100CA0009788173E305CCFFF25333A3E2549923E68
:100CB000ABAA2A3F4FD01C3E298E633ECDCCCC3E02
:100CC000F0B403460A461979DB88006813430A4AE0
:100CD0000669876834689A4308BF83F44023012576
:100CE0008D4023F48012DB074CBF2C43AC433460AF
:100CF0003B68F0BC184700BF01001000014B012207
:100D00001A707047BF06002038B52E4C2378002B90
:100D100050D12D4807F0BCF910B96FF0120038BD62
:100D20002A482A4D07F0B4F90028F6D0284607F0E3
:100D3000AFF90028F1D0284607F0AAF90028ECD036
:100D4000284607F0A5F90028E7D021484FF4B01154
:100D5000FFF7B6FF0028E2D11E491F48FFF7B0FF9A
:100D60000028DCD11D484FF48031FFF7A9FF00288F
:100D7000D5D11B484FF4B011FFF7A2FF0028CED108
:100D8000184A194B53604FF400239360AB68DB693A
:100D900093B114490122284698470028BFD102F098
:100DA000E7F802F0F9F802F007F9104B186030B1DB
:100DB000012323700020B2E76FF05700AFE76FF018
:100DC0000400ACE7BE060020B4840000608400008C
:100DD000E886000020000100E0860000D8860000C0
:100DE000D0860000BC030020FD0C0000B8030020EA
:100DF000084B421E9A4209D20749084A084B8842CA
:100E000098BF1346074A0020136070476FF0150023
:100E1000704700BF00127A0080841E00B486000074
:100E200098860000000000202DE9F04389B00E46AE
:100E3000109F144601EB07081D460146002845D0C7
:100E4000731E022B42D80AB1002D3FD1B8F1820F98
:100E50003CD8DFF880903246484607F046FA06EB69
:100E600009003A46214644B307F03FFA012302AA9B
:100E7000CDE90098CDE90623DFF85C90174ACDF85C
:100E800010D0CDE9029811680593CDB1DFB9B8460D
:100E90003B4613488268146804AAA047044640B938
:100EA000B8F1000F05D03A4609EB0601284607F0D5
:100EB0001CFA204609B0BDE8F08307F024FAD5E714
:100EC000A8462B46E5E7984606ABE2E76FF0150427
:100ED000EFE700BF3C060020BA050020000000201C
:100EE000B484000002461121014804F076BF00BF1F
:100EF0006084000008B508490848FFF7E1FE0220B9
:100F000004F07BFF05484FF48031FFF7D9FEBDE8C0
:100F10000840322004F071BF06001A00D886000095
:100F20000C4B002210B41A700B4882680369946954
:100F300074B11B6813F4002FA44618BF4FF0007360
:100F400010BC08BF4FF080634FF0A07213216047C0
:100F500010BC7047BF0600206084000013B509482C
:100F60000469836801A95B68984720B923680198E0
:100F70005840C0F3C0400028D4BF0020012002B078
:100F800010BD00BF60840000024883684FF48051A8
:100F90005B6918476084000002460C21014804F098
:100FA0001CBF00BF6084000013B5002301930F4CE9
:100FB000204607F06DF850B1A36804221B680DEBC2
:100FC00002012046984710B9019802B010BD04F004
:100FD00038FF044606F0F5F8444004F068FF60402E
:100FE00080EA104302485840EFE700BF7C840000CD
:100FF000B979379E2DE9F3410546BDF820800E46AC
:1010000017461C460120FFF76DFFCDF800802346F0
:101010003A4631462846FFF707FF48B1074A1368AA
:101020000133136024B142460021204607F06BF9DA
:10103000002002B0BDE8F041FFF754BFC803002014
:1010400010B504460020FFF74DFF08486043FFF746
:10105000CFFE40B9064B1C7004F0E5FF054BC31AE8
:101060005842584110BD0020FCE700BF40420F002D
:10107000B80100203001CADE08B50820FFF7E0FF04
:1010800030B90220FFF7DCFF20B9034B187008BD10
:101090000820FCE70220FAE7B8010020F0B587B08D
:1010A000FFF732FE044620B16FF00105284607B075
:1010B000F0BDFFF717FF2046FFF76EFF4848FFF728
:1010C00097FE05460028EFD1464B02271F70FFF719
:1010D00011FF04F0A8FF444B98427DD101267623EE
:1010E000ADF814302A460DF10B03394605A80096D9
:1010F0008DF80B50FFF77EFF9DF80B203B4C22F044
:10110000030232432946362004F044FF14222946C4
:10111000204607F0F8F8FF231E20237404F066FF32
:1011200000F01F03000A60730420237304F05EFFC5
:10113000A060062004F05AFF2060072004F056FF4C
:101140006060082004F052FFA073092004F04EFFF5
:10115000274BE0735B79A674A3B1237A2BB13A468F
:1011600012212D2004F016FF6674267B002E08BF86
:10117000102606F01F0242F060020E212B2004F020
:1011800009FF267440F20133ADF80C3003AA0223A4
:101190000021362004F0E1FE4FF4004304AAADF82C
:1011A0001030062102232D2004F0D7FE052004F084
:1011B00037FE4FF40073ADF8143005AA0223002166
:1011C000362004F0CAFE04220021242004F0E2FEAE
:1011D000022004F025FE69E74FF0FF3566E700BF07
:1011E00080841E00B80100203001CADE0400002007
:1011F00018000020084A1379022B0AD0032B06D0CE
:10120000012B0CBF4FF048304FF01E3070479068F4
:1012100070470248704700BF180000204828080E99
:10122000034B04481B79022B08BF4FF490507047C2
:101230001800002000120400014B1888704700BFFE
:101240001800002013B50A4B01A95C881B88ADF873
:1012500004300222182004F065FE022301AA41F6A0
:1012600004012E20ADF8044004F077FE02B010BD5A
:101270001800002013B5FFF7D3FF04224FF490535A
:10128000000CADF800308DF80200002310466946CE
:101290008DF8033004F046FE48F67003ADF80030D8
:1012A0006A4602230421232004F057FE5E4B00937C
:1012B0006A4604230C21232004F04FFE3523ADF8A9
:1012C00000306A4602231221232004F046FE012347
:1012D000ADF80030022319466A46272004F03DFE8F
:1012E0008723ADF800306A4602230421272004F04A
:1012F00034FE202402236A4606212720ADF8004050
:1013000004F02BFE494B00936A4604230821272052
:1013100004F023FE81232146ADF800306A46022303
:10132000272004F01AFE282402236A4626212720BB
:10133000ADF8004004F011FED8220B21204604F045
:1013400029FE3B4B00936A4604230C21204604F0FF
:1013500004FEC0220B212A2004F01CFE354B009312
:101360006A46042307212B2004F0F7FDBE220B213F
:101370002B2004F00FFE304B5B792BB16D2240F631
:1013800006012E2004F006FE41F20763ADF800309E
:101390006A46022341F606012E2004F0DEFD274BAB
:1013A0000093042269461F2004F0BCFDFFF74AFFAA
:1013B00044F28E236A46ADF8003042F6040102235F
:1013C0002E2004F0CAFDFFF715FF694600900422A5
:1013D0001E2004F0A7FD0023042269461A20009372
:1013E00004F0A0FD052004F01BFD04F01DFD0446E3
:1013F00004F01AFD031B632B03D94FF0FF3002B03A
:1014000010BD0F2004F084FD830703D4012004F0F5
:1014100007FDEDE70A4B00930E200422694604F015
:1014200081FD0020EBE700BF07A902252D001A313E
:10143000E03F1E001D040008180000205500042194
:1014400080D037242DE9F04107880446002F3AD098
:101450004088FEF74BFF8046A088FEF747FF064610
:10146000E088FEF743FF414605464046FEF796FFFB
:10147000314604463046FEF791FF01462046FEF70E
:1014800085FE294604462846FEF788FF0146204689
:10149000FEF77CFE00210446FFF728F998B938468C
:1014A000FEF724FF0146FEF779FF01462046FFF7CD
:1014B00029F804F031FC0549FEF770FF0449FEF7F6
:1014C00063FEBDE8F0810348FBE700BF0000204158
:1014D0003D8AE3420000F0C238B503460088E8B117
:1014E0005C89DCB1FEF702FF05462046FEF7FEFEF2
:1014F0004FF09041FEF752FF294604462846FEF77A
:101500004DFF01462046FEF7FDFF04F005FC0449AF
:10151000FEF744FF0349FEF737FE38BD0248FCE7FB
:10152000000020413D8AE3420000F0C207B5074BAE
:10153000186800901B798DF80430694605220F2049
:1015400004F0F0FC03B05DF804FB00BFB2870000BC
:1015500007B5074B186800901B798DF80430694671
:1015600005220F2004F0DEFC03B05DF804FB00BF91
:101570008086000030B585B004F055FD444C454DE3
:10158000041B4FF0040018BF012404F0C1FC024604
:10159000FFF746FE82424FF01F0018BF44F00204DE
:1015A00004F0B6FC3C4B022298424FF020014FF071
:1015B000270018BF44F0040404F0F7FC042281283B
:1015C0004FF008014FF0270018BF44F0080404F062
:1015D000ECFC324B98424FF01E0018BF44F0100450
:1015E00004F096FC0146FFF705FE0222814202A9A3
:1015F0004FF0180018BF44F0200404F07CFC2B8846
:10160000BDF808209A4248F26E43ADF80C304FF016
:1016100030038DF80E304FF0020300934FF00002BC
:1016200002AB4FF0030103A818BF44F04004FFF7DA
:10163000E1FCBDF808306A889A426B7918BF44F023
:101640008004CBB1012240F606012E2004F0ADFC4F
:10165000134D2B7C6D2818BF44F48074FF2B0BD0E6
:1016600001220E212B2004F0A0FC2B7C00F01F0097
:10167000984218BF44F400740E2004F049FC094B52
:10168000984218BF44F48064204605B030BD00BFC6
:101690003001CADE18000020550004212D001A3147
:1016A0000400002080D03724044B1968002903DB94
:1016B00003488368DB681847704700BF2400002098
:1016C000988400002DE9FF4104F0C3FB10F00C0FDB
:1016D0002C4C2D4A2D4B05D12168914202D1A16895
:1016E000994201D000216160A360A38822604FF677
:1016F000FF729342264D1CBF0133A380286004F083
:10170000D6FBA3882B81E388AB816860FFF74CFC94
:10171000002468812C7404F087FB1E4B18601E4B5C
:1017200018601E4B0FCB8DE80F001D4E304606F0A3
:10173000AFFC014628B96FF01200A97304B0BDE8F0
:10174000F081D6F80880174FD8F80830694630463F
:1017500098470028386001DA0021EEE70321D8F825
:1017600000303046984710F1860F04D1D8F8003089
:101770002146304698470028EED13968C943C90F41
:10178000DBE700BF2020002048425755B7BDA8AA7C
:10179000D8030020D4030020D0030020708600006E
:1017A000988400002400002008B504F03DFB014BA4
:1017B000186008BDD403002010B504F035FB0B4BB6
:1017C0001B68C31AB3F5FA7F044601D2FFF76CFF1A
:1017D0000749CB8843B1074AD37B2BB94EF660202B
:1017E000844284BFCB80938110BD00BFD40300200E
:1017F00020200020D80300202DE9F047274CDFF8F7
:10180000A08021740746032640F2E739FFF74CFF1A
:101810005FB1B847054640B96369E073013363615E
:10182000FFF7C2FF2846BDE8F087A36938F8025BDE
:101830000133A361D5B9013EFFF736FF16F0FF066D
:10184000E4D1184DEB88022B03D80133EB8004F070
:101850004EFB0123E373EB88A38104F0E5FA124BFE
:101860006FF004051860FFF79FFFDBE7642DAA46C1
:1018700028BF4FF0640AFFF717FF4FF4004C4846AB
:1018800000214FF47A720023EAFB0C01FEF772FF8D
:1018900006F09FFCA5EB0A05CCE700BFD8030020AB
:1018A000AC87000020200020CC03002010B504F0FD
:1018B000BBFA0446FFF778FF064BD87B48B1064ACF
:1018C000136842F20F71E31A8B4286BF1460012045
:1018D000002010BDD8030020CC03002008B504F080
:1018E000A3FA054A1368C31AB3F57A7F2ABF1060BA
:1018F0000020012008BD00BFD0030020044BDA699E
:1019000058620132DA6110B11A6A01321A62704704
:10191000D803002038B5054D95F9003044B2A342F4
:1019200002D0FFF739FB2C7038BD00BFB901002091
:1019300010B501460748FFF75FFF044640B9FFF7BF
:10194000E9FF204604F084FA00F04AF9012010BDB6
:101950000020FCE7B91B00002DE9F04F85B0FFF730
:10196000D3F958B104F071FA28B104F070FA962056
:1019700004F06EFDF6E7FFF707FBF8E704F068FAFE
:1019800003240120FFF7C6FF782004F061FD00204A
:10199000FFF7C0FF013C782004F05AFD14F0FF046B
:1019A000EFD104F02DFCFFF78DFE00F0EFF828B921
:1019B00004F024FC04F096FD012407E00120FFF769
:1019C000B7FF044604F01AFC002CF3D1DFF8548171
:1019D000554ED8F8009000F01BF9009004F024FA5E
:1019E000F269336CD3180193A0F57A7A33680293C5
:1019F0000746D34604F018FA054604F002FC18B175
:101A00004A4B4FF001021A70002C5BD0002004F00A
:101A10001FFA00F003F9D8F800304B453BD0022004
:101A2000FFF786FF0446D8F8009000F0F1F8009B1D
:101A3000984204D000F0ECF80090FFF7B5FE24B314
:101A4000326CF36902991344019A9A4218BFAA466C
:101A500032688A4218BFAB46A5EB0A01B1F57A7F1E
:101A60005DD3A5EB0B01B1F57A7F4DD24FF4FA713E
:101A7000B5FBF1F1C94301F0010003930192FFF7B7
:101A800049FF019A039B02920193FFF795FE0A20FA
:101A900006F0E2FAAEE700F0A9F80028C5D000F0A1
:101AA000ABF8FFF71BFF0028BFD0FFF763FD8146AF
:101AB000FFF724FF484600F0A5F8B9F1000FB2D0B7
:101AC0000320ADE704F0C1F988B12046FFF722FFFB
:101AD000012004F0BDF9FFF7E9FE04460028D4D048
:101AE0000120FFF725FFD8F800900446A7E7EB1B7D
:101AF000952BF0D90E4B93F90000013818BF012047
:101B0000FFF708FF2F46E6E74FF4FA61B5FBF1F067
:101B100001FB105031288CBF00200120ADE70120CF
:101B2000ABE700BFC803002010040020BF06002060
:101B3000B901002010B50C49FEF730FC4FF04741C9
:101B40000446FEF7E7FD48B108492046FEF7E2FDEE
:101B500030B92046FEF7E8FD00B210BD0448FCE7AE
:101B600047F6FF70F9E700BF0000C84200FEFF46DD
:101B70000080FFFF08B5034B187004F055F9024BC5
:101B8000186008BDC70600208C04002010B504F0C2
:101B900073FC044648B901462822054806F0B3FB09
:101BA00004484C22214606F0AEFB204610BD00BF83
:101BB000640400201004002010B504F05DFC064B06
:101BC00000221A70054B01221A70044608B904F06D
:101BD00089FC204610BD00BFBF060020C3060020C0
:101BE000014B01221A707047C3060020014B187880
:101BF000704700BFC4060020014B00221A707047D6
:101C0000C4060020014B1860704700BF5C04002030
:101C1000014B1868704700BF600400202DE9F04FA9
:101C2000C1B004F001F9684BDFF8A0911A78002ADE
:101C30003BD1674B1B68C01A99F80030052B00F2A6
:101C40001D84DFE803F0031A121A1A2AC82840F28A
:101C50001584604A536B013353635F4A1368013341
:101C600013605E4B01221A7012E0052840F20684D0
:101C7000584A936901339361F3E70A2840F2FE83DF
:101C8000574A136A01331362524A136901331361CD
:101C900041B0BDE8F04F04F019BC052840F2EE83D6
:101CA0004C4A536C01335364DBE700221A704A4AF2
:101CB00013680133136004F05FFA99F80030052BC4
:101CC00000F26C81DFE813F006005E030600D0032B
:101CD0008C030600434B034009D100F4C842A2F52F
:101CE000C8421A4311D000F4005018431FD0394C99
:101CF000636A0133636204F029FA04F030FAA36ADC
:101D00000133A36204F0DBFB13E0402120A804F0C0
:101D1000C8F908AB064601464DF6CA6220A804F091
:101D20007AFA10BB2B4AD36A0133D362EAE7FFF792
:101D30000FFC99F80030022B02D0052B40F09E8357
:101D400004F072F8224B1B68C01A052840F29683F3
:101D500099F80030052B1F4B0BBF5A6C9A69013262
:101D600001320CBF5A649A6192E79DF82830212B0A
:101D700040F00F82BDF82620002A40F00A820BAA0C
:101D8000314620A804F00AFB0028CBD09DF82C2077
:101D9000BDF82430022A40F23D814FF6FF72934293
:101DA00001D0042BBED19DF82F000A4DDFF838A0DA
:101DB000042104F038FB041E18DAEB6B0133EB63EB
:101DC00000238AF800309DE7BF060020C7060020E8
:101DD0008C0400201004002060040020C4060020B1
:101DE0006404002000903724C206002004A804F0F8
:101DF00073F904A804F03CFB734BBDF826201A804D
:101E0000724B029103221A70714B9DF82D201A70AB
:101E10002B68BDF8322001332B60AB6B0133AB6311
:101E20004FF00008BDF830304146E4FB0231074670
:101E3000029A1C04E41942EB134303F0FF0BFFF773
:101E4000FBF96FF3080406194BF1000303F0FF03DD
:101E50000393604B039A1E605A609DF83630042B42
:101E60002CD140F60143CDE91538DFF86CE15B4B2E
:101E70005B4ACDF85C80CDE918E301238DF868302A
:101E800013888DF869301B0A8DF86A3053888DF8F5
:101E90006B301B0A8DF86C3013798DF86D30514B17
:101EA0001B89ADF86E30504B1C934EF61D03ADF8F8
:101EB00074302B6A01332B624FF022084B4B4C4A93
:101EC0001B781268003B18BF01235B000AB143F086
:101ED00004039AF800200AB143F00803454A127837
:101EE0000AB143F010038DF8403015AB1193424B0B
:101EF0008DF841801B788DF84830404B1B68139358
:101F00003F4B1B88ADF850303E4B1B88ADF852302C
:101F10003D4B032219788DF838209DF82D208DF83F
:101F20003920F21B0F924A1C1A700EAB0193042346
:101F300000934DF6CA62BDF8263030A804F089F946
:101F4000220A00238DF81920220C240E8AF8003072
:101F50008DF818308DF81A2080468DF81B408DF8CA
:101F60001CB0FFF7E3FA06A804F089F8414630A850
:101F700004F06AF808F1020080B204F06AF8002365
:101F8000184604F005F91B4B58B101221A701F4A7C
:101F9000136801331360EB680133EB6004F096FAC9
:101FA000C7E618701A4B9DF82D201A70BDF8342022
:101FB0005A80029A9F60C3E90326039A5A6104205B
:101FC000FFF7D8FDB5E600BFB8050020BA01002034
:101FD000C5060020C80100200000020C17F132766F
:101FE00018000020D80300200304ABCFC306002054
:101FF0005C040020C0060020C10600200804002068
:10200000B6010020B4010020C60600200C04002008
:10201000D0010020042B7FF475AE8E488E4D04F065
:102020005BF88E4BBDF826201A808D4B9DF82C2036
:102030001A708C4B9DF82D1019702B688548013350
:10204000012A2B6082BF6B6801336B6004F010FAC9
:1020500010F1966441F100068046FFF7EDF86FF34A
:10206000080403199DF82CA07F4806F0FF0646F1EE
:10207000000202F0FF02BAF1010FC0E900324FF096
:102080000001A3EB080840F282809DF82E7017F043
:1020900001072AD040F60143CDE91531DFF8CCC164
:1020A000734B744A1791CDE918C301238DF868303A
:1020B00013888DF869301B0A8DF86A3053888DF8C3
:1020C0006B301B0A8DF86C3013798DF86D306A4BCC
:1020D0001B89ADF86E30694B1C934EF61D03ADF8AD
:1020E00074302B6A01332B6222271A2200210DF152
:1020F0003A0006F008F99DF82D308DF83930604B24
:10210000604A1B7812688DF838A0003B18BF012385
:10211000CDF83C805B000AB143F004038DF84030F9
:1021200015AB1193584B8DF8417019784A1C1A70F1
:102130000EAB019304234DF6CA62009330A8BDF89C
:10214000263004F086F800238DF81830230A8DF825
:102150001930230C240E07468DF81A308DF81B40D9
:102160008DF81C60FFF7E2F906A803F088FF3946F6
:1021700030A803F069FFB81C80B203F06AFF0120A9
:1021800004F006F800287FF402AF012018E70F469C
:10219000ABE799F80020304C052A40F08580232BCE
:1021A00017D1BDF824304FF6FF72934201D0042BB3
:1021B0000FD12A4BBDF826201B889A4209D10EAABE
:1021C000314620A804F01CF918B19DF83830032BD3
:1021D00003D0E36A0133E36294E52C4D9DF8392086
:1021E0002B789A4203D0236B013323638AE515A829
:1021F00003F072FFFFF79AF903F046FF244B2A78A9
:102200001A7015A804F034F92B69224E224DC01A19
:10221000224B18604FF4004330A833802B8003F02A
:1022200065FF30A8FFF70EF9FFF784FC308030A877
:10223000FFF752F9FFF77EFC194B288001221A7034
:10224000636913446361236C13442364154B0020BA
:102250001A70B5E66C04002010040020B8050020B8
:10226000BA010020C5060020C80100200000020CB1
:1022700017F1327618000020D80300200304ABCFFA
:10228000C30600205C040020C6060020D001002008
:10229000C1060020B6010020B4010020080400207F
:1022A000C2060020C4060020022A92D1232B90D11E
:1022B000BDF82430042B8CD1724DBDF826202B881C
:1022C0009A4286D10BAA314620A804F099F800283A
:1022D0003FF47FAF6C4F9DF82C203B7893427FF406
:1022E00078AF012B694E05D99DF82D2033789A429D
:1022F0007FF479AF63690EA80133636103F0ECFEEC
:102300000EA804F0B5F80246614804F0B1F83B7835
:1023100031788DF85430121A1692012B4FF080222A
:102320008DF85510179210D930A803F0DFFE30A8B1
:10233000FFF788F8FFF7FEFBADF85C0030A8FFF769
:10234000CBF8FFF7F7FBADF85E00524B19784A1C4B
:102350001A7015AB0193042300932B884DF6CA62C3
:1023600030A803F0E5FF0446FFF7E0F8214630A867
:1023700003F06AFEA01C80B203F06BFE03F07CFE4B
:1023800003201DE607067FF509AE414803F0A9FECC
:102390004148424AC3690133C36193680133936082
:1023A0003F4A0D3004F064F8D2E90032C01A61EB04
:1023B00002013C4A01F0FF030E06106048BFA3F57E
:1023C0008073053043F100030B2873F1000321BF34
:1023D000354A136801331360FFF7BAF80220EFE5BE
:1023E00005067FF5DBAD2A482C4D03F07AFE2C4A1A
:1023F000274804F03DF8D2E90034C31A61EB040425
:1024000004F0FF022406274C48BFA2F58072236027
:10241000053342F100020B2B72F1000228BF224A61
:10242000224C22BF1368013313601B4AD369013366
:10243000D361AB680133C4E90401AB60FFF776F800
:10244000D4E902016288B0F5300041F1FF314FF468
:102450008033E2FB0301C9B203F0ADFE10B1AB6CF7
:102460000133AB640520ABE5030641BF0B4AD369DA
:102470000133D3610E4B01221A708FE541B0BDE8E4
:10248000F08F00BFB8050020BA010020C50600206B
:1024900071040020C60600206404002010040020FF
:1024A000C80100200404002000040020D001002006
:1024B000C4060020014B1B68184700BF28000020FD
:1024C00030B5044685B00D4610220021684605F05F
:1024D0001AFF02238DF802302A46044B019321464D
:1024E000684603F0D5F905B030BD00BFB524000043
:1024F00080B505460E461746984602F073FF034620
:1025000000F030FDDFF81890044649F800304246EC
:1025100030463946A84754F8090000F0C5FC00BF12
:102520000800000008B50446EFF31183202383F36D
:102530001288BFF36F8F01F0BFFE204600F0B4FE9B
:10254000024804F048F804F03CF9FCE7B8870000C2
:102550002DE9F047058B0446280717460CD50129BD
:102560000CBF45F0100545F02005258387F3118841
:10257000BFF36F8FBDE8F087022905F0070540F033
:102580009480204604F034F8052864D801A353F859
:1025900020F000BF6D250000AB260000572600008C
:1025A00019260000332600004526000001F007032D
:1025B0005A1F012A1FD8002221F00701062BD4F848
:1025C000008089B2C4E9002209D1434603E0628B4E
:1025D000013262831B68002BF9D141F00201218393
:1025E000204604F005F84FF0000900286DD041F0B6
:1025F0002001218369E0042B0AD121F0070189B26F
:102600002183204603F0F4FF10B141F02001218323
:102610004FF00008C14658E02369D3F80090238B9F
:1026200023F0070343F0060323834FF000084646D8
:102630004BE02369D3F80490238B23F0070343F086
:102640000403F1E72369D3F80890238B23F00703F1
:1026500043F00503E8E74FF00008C146E7E7012231
:1026600043F00803238387F31188BFF36F8F002A99
:102670003BD1B8F1000F4AD1B9F1000F02D02D497A
:102680002046C847EFF31187202383F31288BFF356
:102690006F8F238B23F008039BB22383D9063FD58A
:1026A00023F01002228303F007056669218B002EB8
:1026B000BFF67CAF0023D4F8008021F00701C4E905
:1026C000003341F0010121839946238B03F0070A6F
:1026D000AA4502D0A268002AC1D1B8F1000F02D1E8
:1026E000B9F1000FDAD00022BAE7A1680029C0D002
:1026F0000D680029BDD04F68334652462046B84782
:102700001DB12B6829461D46F3E72B46FAE74146E3
:10271000334652462046D8F8008003F095FFA8E7DC
:102720009A067FF523AF23F02002228303F00705EA
:1027300027E700BF75660000014B0360002070476B
:10274000F086000008B5044803F045FF034803F095
:1027500042FF002008BD00BFE1870000168800008E
:1027600008B50348034A0021121A04F00DF808BD09
:10277000C8010020DC0600200748084A084908B5BF
:10278000121A04F003F80748074A0849BDE8084050
:10279000121A03F0FBBF00BF00000020C801002098
:1027A000C88C00000000002000000020C88C000041
:1027B00038B505460C4699B1D1E901230F4809689F
:1027C00003F009FFD4E90423E1680D4803F003FF97
:1027D000E1690C4803F0FFFEA1690B4803F0FBFE22
:1027E000012D05D1EFF305810848103903F0F3FE00
:1027F00021462846BDE8384002F030BA4388000040
:1028000073880000A3880000B3880000E2880000FD
:1028100030BFFFF7FDBF00BF2DE9F0410B4EDFF8E1
:10282000308006EB0807CC1B054632460949204696
:1028300005F05BFDA01942460021083C05F063FD50
:102840002C6707F10800BDE8F08100BF0000000020
:10285000040000006886000010B51D4C1D4803F000
:10286000BAFEA36A990130D51B4803F0B4FE1E20BE
:10287000A36ADA0103D5194803F0ADFE1F20144CFA
:10288000A36A1B0303D5164803F0A5FE2120A36A03
:10289000590303D5134803F09EFE22200C4CA36A73
:1028A0009A0303D5104803F096FE2320A36ADB03A6
:1028B00003D50E4803F08FFE2420054A936A6FEA81
:1028C00003436FEA1343936210BD1D20D0E700BF9E
:1028D00000ED00E0F68800000F8900002389000069
:1028E0003E8900005D890000838900009E89000008
:1028F00070B5244C064624480D4603F06CFEA36ACE
:10290000D90435D5214803F066FE1720A36A1A05BD
:1029100003D51F4803F05FFE18201A4CA36A9B05DD
:102920000FD51C4803F057FEA16BA36A180407D506
:10293000194803F050FE1EB1A36A23F40043A362BA
:102940001920104CA36A590503D5144803F043FE1F
:102950001A20A36ADA050DD5114803F03CFE1B20AE
:10296000084A936A43F47F43936200232B7070BD3F
:102970001620CBE7A36A9B04F2D50A4803F02BFE8E
:102980001C20EDE700ED00E0CA890000E1890000AD
:10299000F3890000078A0000218A0000378A0000BE
:1029A000538A00006C8A000070B5264C0646264803
:1029B0000D4603F010FEA36AD80640D5234803F065
:1029C0000AFE1120A36A190703D5214803F003FE6C
:1029D00012201C4CA36A9A070FD51E4803F0FBFD7A
:1029E000616BA36A1B0607D51B4803F0F4FD1EB1FB
:1029F000A36A23F08003A3621320124CA36ADE07AC
:102A000003D5164803F0E7FD1420A36A9C0603D5FE
:102A1000134803F0E0FD15200A4B9A6AD10658BF0F
:102A20009A6A9A6A920642BF5A6A22F400525A621D
:102A30009A6A42F0FF029A6200232B7070BD102048
:102A4000C0E700BF00ED00E09C8A0000B38A0000F0
:102A5000F3890000E78A0000008B0000178B00005C
:102A60006C8A00002DE9F0415D4B5F688AB0044636
:102A7000C7F30806002585F31188BFF36F8F02F0B6
:102A80007F43B3F17F4F06D102F00C03082B13D123
:102A9000544803F0A0FD00252C464FF00008F31E1B
:102AA0008DF80780092B00F28B80DFE803F00A7FA6
:102AB000837B89898989898710074CBF0C4601254A
:102AC000EBE74948464E03F086FD8DF80780F36A30
:102AD0009A0704D5454803F07EFD00232AE0F36AF7
:102AE000002B01DA4248F6E7F36A5B00F5D541486E
:102AF00003F071FD7369A26943F480737361BFF3DE
:102B00004F8FBFF36F8F32F8023C726922F48072EC
:102B10007261BFF34F8FBFF36F8F03F47F42B2F543
:102B20005F4F27D1DBB2022B24D12168324803F05A
:102B300052FD23689DF80720CAB902AE04F12007B0
:102B400020686168324603C20834BC421646F7D199
:102B5000099A002D40D0C2F3080121B96FEA522230
:102B60006FEA4222099202A91846FFF721FE0AB035
:102B7000BDE8F0811A4B9A6AD2B22AB10DF1070171
:102B80000120FFF711FF0FE09A6A12F47F4F05D082
:102B90000DF107010120FFF7ABFE05E09B6AB3F5DD
:102BA000803F9AD3FFF758FE0346C3E70DF10701B4
:102BB0000020E6E70DF107010020ECE70F488AE767
:102BC0000F4B1049104817F4F87FA6F1100208BF08
:102BD000194603F000FD80E76FF30802C2E700BF6B
:102BE00000ED00E0658B0000918B0000A98B0000D8
:102BF000CB8B0000DA8B0000FA8B0000178C0000F2
:102C0000378B00004C8B00003C8C0000044B5A6951
:102C100042F010025A615A6922F008025A61704764
:102C200000ED00E0EFF30880EFF3098101B5724693
:102C3000FFF718FF01BD00BF002080F31488BFF329
:102C40006F8F0F4880F3088801F0C2FB00200D4908
:102C50000860BFF34F8F00F02BF8202080F311881D
:102C600009484FF40061401880F30988EFF314809D
:102C70000221084380F31488BFF36F8F00F0B2F88D
:102C80002020002094ED00E0E00600200749D1F864
:102C900090200023C2F307221846934200DB7047BE
:102CA000C1F89830C1F8A0000133F6E700ED00E06C
:102CB00008B572B6002383F31388FFF7E7FF144BC0
:102CC0004FF0FF32C3F88020C3F88420C3F8882077
:102CD000C3F88C20C3F89020C3F89420C3F8982040
:102CE000C3F89C20C3F88021C3F88421C3F888214D
:102CF000C3F88C21C3F89021C3F89421C3F898211C
:102D0000C3F89C2162B6BFF34F8FBFF36F8F08BD2E
:102D100000E100E01EF0040F0CBFEFF30880EFF3BA
:102D20000980816911F8021C0229FFD001B57246A1
:102D300003F02EFD01BD00BF40B2002807DB044AAE
:102D40004109012300F01F00834042F82130704701
:102D500000E100E040B200280CDB4309064900F026
:102D60001F0020330122824041F82320BFF34F8F00
:102D7000BFF36F8F704700BF00E100E0054B4209D1
:102D800000F01F0053F82220012303FA00F0104046
:102D9000704700BF00E100E040B20028A8BF00F18A
:102DA000604001F10101B8BF064B4FEA4111ACBFD1
:102DB00000F5614000F00F00C9B2B4BF195480F8AB
:102DC0000013704714ED00E0044B054A23F07F0325
:102DD0009360BFF34F8FBFF36F8F70470000000009
:102DE00000ED00E008B5FFF7EFFF074AD2F88830A2
:102DF00023F47003C2F88830FFF7B2FCFFF7BCFC85
:102E000000F092F801F0EEFF00ED00E042F8203C07
:102E1000009B42F81C3C0A49019B42F8183C029B6B
:102E200042F8143C21F001014FF0807342F8043C59
:102E300042F8081C0023203A02654367704700BF30
:102E4000F124000000B50B4B98600B4B1546026F48
:102E50001A600E462C4686F309880020034B9847DB
:102E60002046002100220023014C2047B5670000C6
:102E7000F12400008C05002090040020014B10225A
:102E80001A61704700ED00E0054B5A699B689A4251
:102E90001FBF044A536843F080535360704700BF1C
:102EA0008C05002000ED00E0084B9B6883420BD1AD
:102EB000EFF3058343B1064B5A6842F080525A60E3
:102EC0005A6A22F400425A6202F092BA8C0500203B
:102ED00000ED00E011498A684FF030001044EFF334
:102EE000098C80E8F01F202080F31288BFF36F8FD9
:102EF0000B4F4FF000664A698A603E60106F094CC4
:102F00002060506F0023536780F3118802F1300076
:102F100090E8F01F8CF30988704700008C050020B2
:102F200004ED00E090040020044800232021C21892
:102F30000133272B82F80013F9D1704700E100E03C
:102F400008B5EFF30583064A103B02EBC30152F8C4
:102F5000330049688847BDE80840FFF795BF00BFC8
:102F6000D0840000014800687047000090040020F1
:102F7000074AD2F8FC3043F08073C2F8FC30054BAE
:102F800000225A601A6842F001021A60704700BFBE
:102F900000ED00E0001000E0034B00225A601A68C8
:102FA00042F001021A607047001000E0014B00215E
:102FB00058687047001000E008B501F001FA0449B4
:102FC000044A086800230021FDF7D4FB08BD00BFB8
:102FD000A001002040420F00024B034A0348012198
:102FE00000F066B80000012000000020F08600001C
:102FF000084AC2F898000B6823F01F03034343F00C
:103000001003C2F89C308B6843F00103C2F8A03073
:10301000704700BF00ED00E02DE9F043DFF860806D
:1030200085B00E461F4604464FF00009B14523DA2D
:103030006068D8B13FB1411E08421BD11F2819D981
:103040002368194216D12368019303F0D6FBA368C5
:1030500003430393D8F89050C5F30725D0B2013D40
:10306000A84207D801A9FFF7C3FF421C09F10109D3
:103070000C34DBE76FF01502104605B0BDE8F083B5
:1030800000ED00E0044B0522C3F89420BFF34F8FFE
:10309000BFF36F8F704700BF00ED00E0BFF35F8F9D
:1030A000024B0022C3F89420704700BF00ED00E0FF
:1030B00010B5034C01232278FFF7AEFF207010BD3E
:1030C000C80600202DE9F0435A4B5B4DD3F89030F1
:1030D0002C68C3F307239C4285B000F2A780FFF75A
:1030E000DDFF00200C2684421AD1544EDFF84491B3
:1030F00034706846FFF720FB514C524D8046002744
:10310000B84514D133784B490020D1F89020C2F350
:1031100007229342C0F28480FFF7B4FF002045E00D
:10312000696806FB0011FFF763FF0130DBE70098D9
:1031300000EB07114FEA071CCB682340B3F5000FE3
:103140004DD00AD8B3F5001F33D0B3F5800F3BD074
:10315000B3F5801F13D00137D2E7B3F1007F47D01A
:10316000B3F1805F4DD0B3F1807FF4D150F80C30D3
:1031700088684A6803F041FB40F0887009E050F825
:103180000C3088684A6803F038FB40F0885040F4FF
:103190003020CDE901230390D9F890303078C3F383
:1031A0000723013B984234D96FF0150005B0BDE804
:1031B000F08350F80C3088684A6803F01EFB40F03A
:1031C000885040F40020E4E750F80C3088684A68E2
:1031D00003F013FB40F0C06040F40030D9E750F832
:1031E0000C3088684A6803F008FB40F08270D0E732
:1031F00050F80C3088684A6803F0FFFA40F48020E9
:10320000C7E750F80C3088684A6803F0F6FA28439C
:10321000BFE701A9FFF7ECFE3378013333709AE77B
:10322000C1F89830C1F8A00001336EE74FF0FF30CD
:10323000BCE700BF00ED00E0FC860000C8060020EF
:103240000000F0FF0000021108B50649064821F011
:103250000701C1F1005202F5803203F079F9002034
:1032600008BD00BF3320002094040020044A01233D
:10327000C2F840354FF080420020C2F878357047E0
:1032800000E0014048B1054B054A1B68B3FBF2F36F
:103290005843044B43F0010318477047A001002036
:1032A00040420F0090860000BFF34F8F0549064B48
:1032B000CA6802F4E0621343CB60BFF34F8F00BFD4
:1032C000FDE700BF00ED00E00400FA0508B5054A7F
:1032D000054B136010463F23536001F0A3F9002013
:1032E00008BD00BFA0040020FFFF0F00084B70B511
:1032F000C31A0D4607499B1004465943064840220D
:1033000003F094FA2B4601462046BDE8704018476A
:10331000BC040020B76DDBB64484000073B50C4CD0
:103320000C4A4023041B00930D460B460A49A41087
:1033300061430646094803F0A4FA014628B1304625
:103340002B4602B0BDE87040184702B070BD00BF08
:10335000BC040020F1680000B76DDBB644840000B7
:103360000022F8B5012105461046FFF715FD10486B
:1033700001F0A0F90446B8B901F0BCF92F690D4974
:10338000384603F084F9031E09DB01263E642D69EB
:10339000084905F11C0003F07AF9031E02DA1C4605
:1033A0002046F8BDEE64FBE76FF00404F8E700BFC9
:1033B000013500001C8700001FB500220123CDE964
:1033C00002236C46074A6B46CDE9004403F089FAB4
:1033D00028B94FF480420023684601F09DFD04B0F7
:1033E00010BD00BF0369000010B5064C23782BB94F
:1033F0004FF4A57004F030FE01232370BDE81040A7
:1034000001F010BAC906002010B5EFF31184202393
:1034100083F31288BFF36F8F074A136823F002010A
:10342000DB07116002D4012003F083FF84F31188CD
:10343000BFF36F8F10BD00BF0C05002030B4104BE0
:103440000C2202FB003301460020D3E90E529863A0
:10345000EFF31180202484F31288BFF36F8F1C6C6C
:1034600004F0C00444F002041C6480F31188BFF32C
:103470006F8F1DB12B46034830BC184730BC7047D6
:10348000BC0400204484000010B4EFF3118020221B
:1034900082F31288BFF36F8F17490B6843F0020461
:1034A00013F001030C601AD04FF08043D3F80C14D2
:1034B000D3F80C3413F0010311D0EFF3118182F330
:1034C0001288BFF36F8F0D4A136C03F0C00343F0F3
:1034D0000203136481F31188BFF36F8F012380F31C
:1034E0001188BFF36F8F1BB110BC0020FFF7A6BF80
:1034F00010BC012003F015BF0C050020BC04002007
:1035000010B1012804D07047034B1B6C5B0701D13D
:10351000FFF794BF704700BFBC0400202DE9F041C5
:103520003849BFF35B8F8046012251E8003F41E8F4
:1035300000200028F9D1BFF35B8F33B932493348FB
:103540004B60CB608A6003F0B5F808F1FF33012BC4
:103550004BD8B8F1010F07D14FF08043D3F81C349A
:1035600003F00303012B40D004F0BFFD054658B122
:10357000EFF31186202383F31288BFF36F8F0125A9
:10358000234F4FF080441EE0224B1B78002BEFD0DE
:103590004FF080430222C3F808230646F0E735B314
:1035A000304603F01BF9D4F8183563B9D4F8042178
:1035B0004AB1C4F80431D4F804310123C4F81835F1
:1035C000C7F88031A360D4F81824D4F81834D20393
:1035D000E5D503F00303012B02D0B8F1010FDED1D2
:1035E00055B186F31188BFF36F8FBDE8F0810021DC
:1035F000212004F0EEFDD6E74FF080430222C3F80D
:103600000423F2E7B8040020A8040020D804002016
:1036100000E100E0DA060020EFF31182202383F3BB
:103620001288BFF36F8F0A4BD3F8001161B10021EC
:10363000D3F80805C3F80011D3F80031C0B282F303
:103640001188BFF36F8F70476FF00A00F7E700BF74
:1036500000D00040F0B503468478C678EFF3118EB1
:10366000202080F31288BFF36F8F1D7893F801C07C
:10367000641B3440A24288BFA2B2AF18374028462C
:103680001F708EF31188BFF36F8F8F188F4218D180
:1036900065450CD1EFF31181202080F31288BFF330
:1036A0006F8F1878587081F31188BFF36F8F1B7973
:1036B000A41AA34228BF074B90B224BF01221A606C
:1036C000F0BD03EB000E01309EF805E001F801EBC0
:1036D0003040DBE700D00040DB432DE9F04713F03A
:1036E00001050F46144604D02448FFF7B3FFBDE898
:1036F000F087B2B3EFF31186202383F31288BFF370
:103700006F8F0D20FFF73AFB80460D20FFF722FB5D
:1037100086F31188BFF36F8FDFF864A0194ECAF8E3
:103720000051DAF800314FF400590123CAF8003093
:103730002546C6F88091DAF80031A3B1FFF76CFF97
:10374000031EA4BF05F1FF35ADB2C6F88091A8BF36
:103750007B55002DEFD1B8F1000F02D00D20FFF7FF
:10376000EBFA2046C3E7EFF31180202383F312889E
:10377000BFF36F8F03F032F8DDE700BF30050020A4
:1037800000D0004000E100E070B50D4614460CB9D1
:10379000204670BD4FF0FF334FF0FF320C4801F070
:1037A000BBFB224629460B48FFF754FF0646084854
:1037B00001F07EFB3EB94FF0FF324FF0FF33064879
:1037C00001F0AAFBE6E7A41BA4B23544DFE700BF83
:1037D00010050020450500202005002038B50122F5
:1037E0001146174804F075FC154D0122002105F122
:1037F000100004F06EFC40F207432B874FF070631B
:103800002B620C2385F8243000240E4B85F83540BC
:10381000EC86D3F8042522F00102C3F80425012127
:10382000C3F80041D3F80021C3F8041322461960FD
:103830000D20FFF7B1FA0D20FFF77EFA204638BDC4
:103840001005002000D0004010B5FFF7E5FE00286D
:1038500020DB174B93F8222093F8214093F8231094
:10386000141B31EA0404C0B20DD193F8372093F849
:10387000364093F83810141B31EA04040BD10D4B79
:1038800001225A600EE09C180132114084F8250094
:1038900083F8221010BD9C180132114084F83A00C0
:1038A00083F837100448BDE8104001F001BB00BFA9
:1038B0001005002000D000402005002038B5430945
:1038C00006D10A4B596819B101250C68854001B928
:1038D00038BD8A682A4002D04B68054898471CB119
:1038E000236821461C46F2E72346FAE754050020E8
:1038F0006084000038B54568A86890B103F0B7FF50
:10390000014670B9A86803F096FF044658B902460C
:103910000649A86803F080FF224605210620FFF72C
:103920003BFA002038BD6FF00400FBE7BD38000013
:103930002DE9F04FDFF84CE1534D00EB810140F2EF
:10394000FF1C4FF00108814202D10020BDE8F08F3A
:103950000468C4F3C72616F00806C4F3C327C4F3EB
:1039600008037BD1240E043C1EF80770634508BF92
:103970004FF0FF33152C74D8DFE804F00B121673E8
:103980007373731C22737373737373737373252F41
:103990003235C2F808350024B3F1FF3F1BD027E0D1
:1039A000C2F80C350124F7E7C2F810355C1C12D0C0
:1039B000002451E0C2F80835002FF7D10627F5E7BB
:1039C000C2F80C35F8E7C2F860354488B3F1FF3F20
:1039D00004F001040AD10430B5E7C2F86435F4E715
:1039E000C2F86835F1E7C2F86C35EEE75CBB01243C
:1039F0005FEA531938D14FF001094FF0A04A09FA94
:103A000003FBCAF80CB5D0F800A00AF4004BBBF1D8
:103A1000000F0CBF4E46012403F01F095B092BD198
:103A20004FEA890909F1A049CAF3412AD9F80037B8
:103A30002B4043EA8A0343EA0723334343EA440320
:103A4000C9F80037C7E75C0912D14FF0A04908FA5E
:103A500003F4C9F808450124A146D4E76FF0150026
:103A600074E76FF0850071E70023C3F80C35FFDEC3
:103A70000023C3F80835FAE709F5E079002353F885
:103A80002930F4E7BF8C0000F0F8FCFF2DE9F0418D
:103A900098468B8804690E4699040746154600F13E
:103AA00082804FF0FF324FF0FF3304F1740001F0D9
:103AB00033FAA666002D7FD1C4F898500023C4F8CD
:103AC0009C3004F1B00204F19C0104F1980003F071
:103AD00028F90546C4F8AC00B8F1000F74D1C4F859
:103AE000A0800023C4F8A43004F1B80204F1A401BA
:103AF00004F1A00003F015F90023D4F89CC0C4F829
:103B0000B400C4F894301A46624566D10022D4F855
:103B1000A4E01146714568D193422CBFC4F8A83087
:103B2000C4F8A82015B1D4F8B0302BB900286FD054
:103B3000D4F8B830002B6BD03146384600F0A6F8E8
:103B4000054610BB04F16408666604F1BC0528460E
:103B500001F008FA3049384603F063FA4FF0FF32BB
:103B60004FF0FF33284601F0D7F93146384603F0CD
:103B700059FA384603F035F9404603F0A9F80546EE
:103B800000283BD1B3889A040AD4636E13B19B8892
:103B90009B0405D40023A36604F1740001F088F9A6
:103BA0002846BDE8F081E36F002B7FF47AAFA36E67
:103BB0009E427FF476AF7DE72B68C4F89830002BE7
:103BC0003FF47CAF6B687AE7D8F80030C4F8A030D7
:103BD000002B86D0D8F8043084E7D4F8981001EB95
:103BE000C201013249680B448EE7D4F8A0C00CEB47
:103BF000C10C0131DCF804C062448BE710F1740F92
:103C0000C3D1384603F072FA404603F061F8BCE7CE
:103C10006FF01505B9E700BF156F000002460F48A9
:103C2000824210B511D20E4B9A420FD80D4B9A42D8
:103C30000ED80D4B9A420DD80C4B9A420CD80C4C16
:103C40000C4B0D48A24298BF184610BD0B48FCE72C
:103C50000B48FAE70B48F8E70B48F6E700127A0042
:103C6000FF083D007F841E003F420F001FA1070098
:103C70008FD0030048E8010090D0030000093D0008
:103C800080841E0040420F0020A10700F0B50669A5
:103C900096F8303089B007460D460BB3726B0B684F
:103CA0009A421DD1B26B4B689A4219D196F84830AE
:103CB0000C7D9C4214D1B6F84C200B8B9A420FD14C
:103CC000F36B8A68002C70D09A4209D1346CCB68AF
:103CD0005C4034F47F4403D1726C0B699A4261D02A
:103CE000AA88100577D412F0090077D102F4FC639A
:103CF000B3F5807F72D129683D4B99426ED9336804
:103D00007C68D3F80835591C10D012F0020203F079
:103D10001F0C4FF001014FEA53134BD1002B60D120
:103D20004FF0A04301FA0CF1C3F80C154FF0FF332C
:103D300003932868A37F8DF81230FFF76FFFA36904
:103D4000834294BF05930590AB88990703F0040262
:103D500038D5002A0CBF02220322C3F300138DF8CA
:103D6000193001238DF81B308DF81C3096F8303057
:103D70008DF8182043B36946304603F072FF0446BD
:103D800080B91C49304604F0F0F806F1340305F11F
:103D90001C0255F8041B43F8041B9542F9D101237A
:103DA00086F83030204609B0F0BD9A4298D1326C86
:103DB000CB6893E7C3B94FF0A04301FA0CF1C3F805
:103DC0000815B3E79208C8E70B4A3B4669463046F8
:103DD00003F028FFD3E76FF08504E3E76FF01504E5
:103DE000E0E7C2F80C25FFDEC0F80805FBE700BFDE
:103DF00047E801002C000020ED6F000070B50123A2
:103E000083400F4ABFF35B8FDC4352E8001F01EA97
:103E1000040542E80056002EF7D1BFF35B8F4FF444
:103E2000803282400748C0F80823BFF35F8FBFF39A
:103E30006F8F03EA0100003818BF012070BD00BF7A
:103E4000680500200010014070B41249D1E9003427
:103E5000D01AC31844F10004C2F30E06C1E90034BD
:103E6000A6F58053B3F5C04F09D20B4B1B685A0C13
:103E7000DB039C19094B42F10005C3E90045EFF350
:103E80001181202383F31288BFF36F8F70BC01F080
:103E90008BBC00BF080200206C050020100200202F
:103EA00011B3BFF35B8F0123104A834052E800CF68
:103EB0004CEA030C42E800C10029F7D1BFF35B8F45
:103EC0000B4A4FF480338340C2F80433094BBFF3ED
:103ED0005B8F1B68BFF35B8FC340DB0742BF064BA2
:103EE0004FF40032C3F80021704700BF680500207E
:103EF000001001406005002000E100E030B5144BE7
:103F00001868410CC003BFF35F8F124BD3F8043520
:103F100047F6FF7293420AD10F4AD2E90045844224
:103F200075EB010209D3C01841F1000130BD18182A
:103F300041F10001B3F5006FF8D2074BD3E900233C
:103F4000904271EB0303F1D210F50040ECE700BFA3
:103F50006C05002000100140100200202DE9F04FF8
:103F600085B016461F469DF840A00446FFF746FF61
:103F70000190FFF7C3FFB04271EB070361D2301A23
:103F800044F2010367EB0101984271F1000109D38A
:103F90006FF0150520460199FFF782FF284605B00E
:103FA000BDE8F08F354B03EB0413D3E902239F42A6
:103FB00008BF964256D032494FF4803804F150057C
:103FC00008FA04F8AD002046C1F84883ADB203F00A
:103FD000ECF8C6F30E0B05F1804504F5A87305F562
:103FE000883558464FF003090293C0F30E030BB90E
:103FF00001200346029A41F82230C1F84483D1F8E7
:104000000435C01A0338C0F30E0043F6FD7C60454A
:1040100028D9286868B1D1F804350393A3EB0B00C5
:10402000C0F30E00B0F5804F1CD9204603F0BDF858
:10403000039BBAF1000FABD109EB030009F10109B1
:10404000D3E7BAF1000FA3D101230E4ABFF35B8F70
:10405000A34052E8000F184342E800010029F8D1BC
:10406000BFF35B8F05490E98230101EB0412C85082
:104070000F9B5360C2E9026700258BE7E80100202F
:10408000001001406005002070B5294C294B2A4AD8
:1040900086B0C4F80833C4F84833284B00254FF0E5
:1040A000FF304FF0FF314FF48036C4F80855C3E9B4
:1040B0000201C4F80463C3E906014FF4003301218F
:1040C000C4F804331120C2F880312A46FEF764FE9A
:1040D0001120FEF731FE1A4B01200322A060206060
:1040E0001A60184B009343F6FF720023CDE9015587
:1040F000FFF734FF0220FFF711FA134A1349136840
:10410000134823F00103136047F6FF73C4F84463B8
:104110000DF11702C4F8403503F0EFF8002804DB76
:104120009DF8170000F0AAFA284606B070BD00BF3F
:104130000010014001000F0000E100E0E801002054
:1041400068050020493E0000640500200810014079
:10415000401101402DE9F743354CD4F80433D9031D
:1041600018D540230022990810290BD1D4F84031EA
:1041700033B10023C4F84031D4F840314FF48032D9
:104180004423F0E70433502BEDD11AB1294A1368C8
:1041900001331360D4F804339A0343D5BFF35B8F24
:1041A000254B53E8002F22F0020143E800100028BD
:1041B000F7D1BFF35B8F930702D4D4F844318BB3AC
:1041C0000025C4F84451D4F84431FFF797FEEFF3CB
:1041D0001182202383F31288BFF36F8F174BD3E92B
:1041E0000667B042B94120D34FF0FF304FF0FF31A6
:1041F000C3E90601D3E904981D614FF40033C4F804
:104200004833C4F84451D4F8443182F31188BFF3E1
:104210006F8FB9F1000F05D0CDF8008032463B46D4
:104220000120C84703B0BDE8F083A946EDE700BF11
:10423000001001406C05002060050020E80100200E
:1042400030B5431C85B043F6FF7223D09042A8BF1F
:10425000104601280446B8BF0124FFF74FFE0F4B5C
:10426000D3E90013401AB0F5804F43F6FF7513D21F
:104270002218AA4228BF2A4652184FF000000849C7
:104280000091CDE9010043F100030120FFF766FE34
:1042900005B030BD1446E0E72A46EDE708020020ED
:1042A000493E000008B5FFF729FE024B1B68C01A03
:1042B00008BD00BF0802002010B5084C0123636050
:1042C0001120FEF747FD064BC4F80833C4F8483305
:1042D000044B4FF40032C3F8802110BD00100140A0
:1042E00001000F0000E100E037B5046994F83530B3
:1042F0000D464BBB0B7B022B29D10B680BBB94F8F3
:1043000034204B68D2B9134A591E914219D82363FD
:104310000DF10701204603F06EFE10F10C0F0BD0DB
:10432000AB689DF8070013B1021D44F8223094F8E1
:104330003430013384F8343003B030BD226B9A42FC
:10434000E6D06FF01500F7E76FF00F00F4E76FF0BD
:104350008500F1E7FEFFCF0710B5002204690121B7
:104360001020FEF719FD00232046034ABDE8104047
:10437000194603F01CBE00BF7D430000F8B50A4E8D
:104380000C46012704B9F8BD94FAA4F5B5FA85F5F1
:104390002B1D56F8233013B104482946984707FAD5
:1043A00005F524EA0504EDE7680100209884000083
:1043B000024AD2F80034002BFBD0704700E00140E5
:1043C000014B024A1A607047A00100200090D00300
:1043D00010B502F033FF40B14FF08053884AD3F854
:1043E0002433C3F30423C2F8403502F035FF10B183
:1043F000844B854A5A6702F021FF48B14FF0805341
:104400004FF08042D3F84432C3F34233C2F83C3514
:1044100002F022FF30B17D4AD2F8FC3023F08073E5
:10442000C2F8FC3002F00AFF40B14FF08043002296
:10443000C3F80C21C3F81021C3F8382502F00CFF93
:1044400020B14FF080430322C3F8A02502F004FFFF
:1044500060B16F4B0522C3F810260122C3F88826ED
:104460000022C3F818263F22C3F814264FF08053C9
:10447000D3F83021511C09BF4FF07043D3F83431C9
:1044800093F8E02FD3F8E83F08BFC3F30313062ADD
:1044900049D1033B012B46D94FF080525D4BD2F8F6
:1044A0000414C3F82015D2F80814C3F82415D2F860
:1044B0000C14C3F82815D2F81014C3F82C15D2F830
:1044C0001414C3F83015D2F81814C3F83415D2F800
:1044D0001C14C3F84015D2F82014C3F84415D2F8C0
:1044E0002414C3F84815D2F82814C3F84C15D2F890
:1044F0002C14C3F85015D2F83014C3F85415D2F860
:104500003414C3F86015D2F83814C3F86415D2F81F
:104510003C14C3F86815D2F84014C3F86C15D2F8EF
:104520004424C3F8702502F089FE48B14FF080534F
:104530004FF08042D3F8583203F04F03C2F8E43E04
:1045400002F07CFE48B14FF08043D3F80024D2073C
:1045500044BF6FF00102C3F800244FF08053D3F83A
:104560003021062A0BD1D3F83431033B022B81BF13
:10457000294AD2F83C3743F48063C2F83C374FF005
:104580008053D3F83021062A0CD1D3F83431033BC1
:10459000032B81BF4FF01023D3F808224FF0804344
:1045A000C3F858254FF01023D3F80022002A03DB6C
:1045B000D3F80432002B22DA184901234FF01020DF
:1045C000C1F804351524FFF7F3FEC0F80042FFF7E9
:1045D000EFFEC0F80442FFF7EBFE0023C1F80435FC
:1045E000FFF7E6FEBFF34F8F08490D4BCA6802F490
:1045F000E0621343CB60BFF34F8F00BFFDE710BDF8
:104600000030014000C007400DF0ADBA00ED00E001
:104610000050004000C000400010004000E0014099
:104620000400FA05014B1860704700BF70050020B8
:1046300010B5054B1868144602F024FE0028A4BFEC
:104640002070002010BD00BF7005002002F5117021
:10465000084B1146002243F82020CB0003F1804391
:1046600003F5F833C3F81425C3F81025024B186876
:1046700002F026BE00F0014070050020024A01232E
:104680008340C2F80435704700F00140024A01231C
:104690008340C2F80835704700F00140014B00200C
:1046A0001B68184774050020014B1B68184700BFA2
:1046B0007405002010B50C4C237993B901232371A4
:1046C0000A4B2060002818BF184600F049F850B97E
:1046D00023680748002BBDE8104008BF184600F0CB
:1046E0008FB86FF0770010BD740500209D46000064
:1046F000A946000008B5064B1B683BB10020FEF739
:104700003DFB18B9BDE80840FEF716BB08BD00BF69
:104710007405002038B54FF080440123C4F80833F5
:1047200063600023C4F80031D4F8003142F2107500
:10473000D4F80C24D4F80C34D20307D5DB0705D504
:10474000012002F09DFD013DF2D138BD02F000FED6
:104750000028FAD0014B00225A71F6E77C050020B0
:1047600038B5084C25794DB901232060237102F03A
:10477000EFFD08B9002038BD6571FBE76FF07700E9
:10478000F9E700BF7C0500204FF080430022C3F80A
:104790000021D3F80021094901221A60096811B1EA
:1047A000C3F804237047D3F80021002AFBD000226D
:1047B000C3F80021D3F80031704700BF7C0500200A
:1047C00010B54FF08043D3F80423D20715D5D3F8A2
:1047D000002192B10022C3F800210124D3F8002166
:1047E000C3F8084302F0B4FD044B10B15A7922B962
:1047F0005C71BDE810401B68184710BD7C050020A7
:10480000074A137943B90121106011714FF08042BA
:104810001846C2F8183570476FF07700704700BF30
:104820008405002010B54FF080432B4CD3F81814AA
:10483000D3F8182411F4803F35D002F00303012B84
:1048400001D06BBB00234FF08042C2F81835002323
:10485000C2F80431D2F804314FF08053D3F830213C
:10486000511C09BF4FF07043D3F8343193F8E02F57
:10487000D3F8E83F08BFC3F30313062A05D1033B6F
:10488000012B02D98A2002F0FBFC4FF08043012269
:104890009A6022688AB9D3F80421002AFBD014E078
:1048A00002F073FDCEE7D3F81424D207CAD5D3F8AB
:1048B0001C249007F4D422681AB10222C3F80423FE
:1048C00010BDD3F80421002AFBD00022C3F8042134
:1048D000D3F80431F4E700BF84050020F8B54FF0A9
:1048E0008043194FD3F80443012504F01A0400262D
:1048F00004B9F8BDB4FA84F0C0F11F00830003F5D9
:1049000080739BB203F1804305FA00F21968D2B2BA
:1049100024EA02040029EBD01E601B684FF080439C
:10492000022AC3F808230BD1D3F81814D3F81814AB
:10493000890705D1C3F81855C3F804239D60D7E74C
:104940003B68C0B29847D3E78405002073B5CEB268
:1049500000EB46060446B38ADB070D4627D502F076
:104960003CFEB38A9A0608D55A0B236803EB8203F0
:104970000022C3F81025C3F810252046294600243C
:1049800002F0BCFDB48201A8019502F034FD019A49
:10499000084B02F5E07250F822100B404FF0A04196
:1049A00043F0020341F82230204602B070BD6FF0A0
:1049B0001500FAE7F0F8FCFF014802F081BC00BFE7
:1049C000A401002010B504480C4602F05BFC00284E
:1049D000A4BF2070002010BDA40100200B4B984202
:1049E00012D00BD80A4B98420ED00A4A0A4B984272
:1049F00018BF90420CBF012000207047074B98421F
:104A000002D0074A074BF2E70120704740420F00EF
:104A100090D0030048E8010020A1070000093D00F4
:104A200080841E0000127A0038B51446421C0546E8
:104A300016D0012902D1A3B103F0DAF805F01F0363
:104A40006D0911D19B0003F1A0430A4AD3F8000776
:104A500041EA84040240144344EA4101C3F80017C8
:104A600038BD03F0D2F8E9E7002203F5E07352F80D
:104A70002330FFDEF0F8FCFFF8B5484B4D699D424E
:104A800007460C4677D06BD8454B9D4276D0454BB8
:104A90009D4276D0444B9D4214BF4FF080454FF06D
:104AA0000075E27E97F8223062F3000387F8223027
:104AB000227CDBB262F3410387F82230E67EEEB956
:104AC000237E2068012B94BF00230123324601215D
:104AD000FFF7AAFF6068334632460121FFF7A4FFC3
:104AE000A27EA06833463146FFF79EFF237CE06834
:104AF00083F0010332460121FFF796FFE368FB6272
:104B0000227C97F8223062F3410387F82230267F17
:104B1000A07C217E637E3A6846B9D4E900C6A468C9
:104B2000C2F808C5C2F80C65C2F81045003B18BFB2
:104B300001230229C2F8C005C2F8245527D0032951
:104B400028D0012901D143F00203C2F854357B6813
:104B50001BB33868BDE8F84040F30730FEF7ECB807
:104B6000124B9D4210D0124B9D4214BF4FF0804516
:104B70004FF0004595E74FF0805592E74FF0806584
:104B80008FE74FF000658CE74FF0005589E743F061
:104B90000403DAE743F00603D7E7F8BD40420F000D
:104BA00090D0030020A1070048E8010080841E0087
:104BB00000127A00431C15D000F01F0340090BD1EE
:104BC0009B0003F1A043084AD3F800170A4042F0C3
:104BD0000202C3F800277047002203F5E07352F881
:104BE0002330FFDE704700BFF0F8FCFF70B50446CD
:104BF000006840F30730FEF7ADF8636843B1214623
:104C0000104A51F8043BC3F80823206802F0ABFFB8
:104C10002368D3F80805D3F80C55D3F8106594F839
:104C20002230DB070AD4FFF7C5FF3046FFF7C2FF8B
:104C30002846FFF7BFFFE06AFFF7BCFF002384F8B8
:104C4000203070BD520108000368034A01F5C071AD
:104C500043F82120704700BF3546526E38B5EFF358
:104C60001185202383F31288BFF36F8F064B9C6856
:104C700003F021FA85F31188BFF36F8F2046BDE85A
:104C80003840FEF711B900BF8C05002038B50A4B3B
:104C900053F82040013053F82050A54200D838BDC9
:104CA000606830B1037EDB0701D403F0D9F9083422
:104CB000F3E723689847FAE79487000070B52A4B1A
:104CC0002A4C2B4D86B0012203201A70FFF7DEFF1D
:104CD00003F00AFB0420FFF7D9FF2646AE4204F199
:104CE00030040FD300F0BAFA204CAC4226D300F0C7
:104CF000C9FAFCF731FE1F4A938923F0010393811F
:104D000006B070BD54F80C3C059354F8103C049365
:104D100054F8143C039354F8183C029354F81C3C88
:104D2000019354F8203C009354E90A2354E90C0100
:104D300000F04EF954F8303C5E65CEE7D4E90A2322
:104D4000B3F1FF3F08BFB2F1FF3F05D052EA0301C4
:104D5000206803D103F056FA3034C6E7064918300C
:104D600000F092FCF8E700BFDA0600200886000099
:104D70000886000098020020AD81000070B5002375
:104D800086B00122CDE90423114E124D01930F226A
:104D9000CDE902321049142303FB005506EBC0167F
:104DA0004FF4A072044602FB00110C4B00953046F4
:104DB00000F00EF9337C2C7423F004033374084B99
:104DC000EE60013403EBC4236B6006B070BD00BF1E
:104DD000180200208C050020E00E0020BD8000009D
:104DE000E00600207FB50020FFF750FF284B83F33B
:104DF0000888284C636943F4007363610025E0234D
:104E000084F82230E57725766576A57684F82050FB
:104E1000636A43F4E023636284F82350FDF7F6FEEF
:104E2000FEF72CF84FF0FF33A362E362FEF74AF976
:104E3000FEF7D2F81848194C00F008F90120FFF7E6
:104E400025FF0220FFF722FF00F046FA144B154918
:104E50005C61154B059301234FF48052CDE9035358
:104E6000CDE90155114B0095204600F0B1F8237CA7
:104E7000064623F004032046237403F074F9284601
:104E8000FFF77CFF094A31462046FDF7DBFF00BFF4
:104E9000E00E002000ED00E0180300209802002042
:104EA0008C05002020100020AB8C0000BD4C0000C1
:104EB00070B5EFF31186202383F31288BFF36F8F51
:104EC0000468A0421AD0CCB1D4E9003213605A6011
:104ED000237C002523F002032374C4E90055A56058
:104EE00004F1180003F0C5F92046A56703F03BF96B
:104EF00031460848BDE8704003F068B9D0E9023295
:104F00009A4218BF0133836086F31188BFF36F8F15
:104F100070BD00BFDB06002013B5EFF31181202424
:104F200084F31288BFF36F8F846844B1013C8460BE
:104F300081F31188BFF36F8F002002B010BD52EAD9
:104F4000030406D181F31188BFF36F8F6FF00F0058
:104F5000F3E7CDE900230246014800F05DF9ECE7F4
:104F6000DB06002070B50546EFF31186202383F39E
:104F70001288BFF36F8F00232C68A54218D0BCB1F4
:104F8000D4E9003213605A60227C002322F002022E
:104F9000C4E900332274A36004F1180003F069F936
:104FA0006FF00A03A367204603F0DDF80123E3E76F
:104FB0000022AA6023B986F31188BFF36F8F70BDFA
:104FC00031460248BDE8704003F000B9DB0600201E
:104FD0002DE9F04385B0984600F158030732C0E947
:104FE0001633109B838122F00705042300260374E7
:104FF00001EB05090F9B83730F46C0E9066649461E
:105000008660C6730446FDF707FC07300E9B20F050
:105010000700A066C4E9187502930D9B0193A9EBE4
:1050200000090C9B00934A46434639462046FDF74B
:10503000EDFE054B66659B6803B1DB6EE366484693
:1050400005B0BDE8F08300BF8C0500200123037488
:1050500083810023C0E91833C366014B9860704711
:105060008C050020094A93686FF00A019967084986
:1050700058674B6843F080534B60002383F31188DB
:10508000BFF36F8F9368986F704700BF8C05002047
:1050900000ED00E070B590F91020037C002A2FDBB2
:1050A000D9062DD11A4C63F07F032246037452F8BF
:1050B000183FE169934207D1C0E900210860E0612F
:1050C0000FE09942F8D01B68002BF5D093F90E60E1
:1050D00090F90E50AE42F4DD5968C0E90031086025
:1050E0005860A569954200D005B9E568A3681A7CA7
:1050F000D20606D1DA897F2A03D9AA690AB963617F
:1051000070BDAB4202D0284600F040FA6561F7E777
:105110008C05002038B590F91020037C002A014648
:1051200004DA03F07F03037402F0E5FF0D4D2A4615
:10513000AB6852F8184F944200D004B9EC688B4227
:1051400007D01A7CD20604D1DA897F2A01D9A26954
:105150002AB1A34202D0204600F018FA23466B6120
:1051600038BD00BF8C050020B3F1FF3F08BFB2F18E
:10517000FF3F03D00249183000F086BA704700BFE5
:10518000AD810000034648B9EFF3058232B9064A03
:1051900051699268914201D0FFF764BF83F311888F
:1051A000BFF36F8F704700BF8C05002038B5184CD7
:1051B000A168E0690B68814214BF1A460022496861
:1051C0000B605960A368E1692AB9124AC3E900215A
:1051D0000B60E3610AE092F90E5093F90E008542EC
:1051E00012DD5168C3E900210B605360A569094BCA
:1051F0009D4200D005B9E568A3689D4202D02846CB
:1052000000F0C4F9656138BD8A42DED01268DBE780
:105210008C050020A4050020F8B50E4B0C46114665
:105220000D4A98681060DDE90667EFF311822022CD
:1052300082F31288BFF36F8F9D68284602F06DFFDE
:10524000284632463B46FFF78FFF2046BDE8F84030
:10525000FFF708BF8C050020AC050020EFF311819B
:10526000202383F31288BFF36F8F054B9A68D37B9B
:10527000013BD37381F31188BFF36F8F704700BF79
:105280008C05002070B5EFF31186202383F312887C
:10529000BFF36F8F0F4DAB68DA7B0132DA732A46AA
:1052A00052F8184F944200D004B9EC681A7CD20628
:1052B00004D1DA897F2A01D9A2692AB19C4202D09D
:1052C000204600F063F923466B613046BDE870402C
:1052D000FFF758BF8C050020024B03F11802C3E909
:1052E000062270478C05002070B5EFF3118620234D
:1052F00083F31288BFF36F8F1A4CA168E0690B68C3
:10530000814214BF1A46002249680B605960A368A5
:10531000E1692AB9144AC3E900210B60E3610AE09C
:1053200092F90E5093F90E00854216DD5168C3E9DB
:1053300000210B605360A5690B4B9D4200D005B95D
:10534000E568A3689D4202D0284600F01FF9656118
:105350003046BDE87040FFF785BE8A42DAD0126859
:10536000D7E700BF8C050020A4050020F8B550EA5F
:10537000010306460C4603D1FFF7B6FF0020F8BD37
:10538000EFF31187202383F31288BFF36F8F124D41
:10539000124BA8681860FFF7BDFEA86810492346A5
:1053A0003246183000F070F9AA68137C43F0040309
:1053B000137404463846FFF755FEAB68D3E90A2359
:1053C000B3F1004F08BF002AD8D102F087FF201A9E
:1053D00020EAE070D3E700BF8C050020AC05002078
:1053E000AD810000014B9868704700BF8C0500201C
:1053F0002DE9F84304468789EFF31186202383F3D0
:105400001288BFF36F8F037C190705D586F31188C7
:10541000BFF36F8FBDE8F883D90943F008026FD15D
:105420000274A36813B1204602F06DFE04F1180067
:1054300002F01FFFA56D04F15808A84511D04FF0E8
:10544000000975B1284602F05EFE05F1180002F071
:1054500010FFC5F878902846FFF71CFEA56DA845FB
:10546000EFD1DFF8BC80D8F808309C4250D1EFF380
:105470000589B9F1000918BF4FF00109D8F8185093
:10548000284A954200D00DB9D8F80C50AB4202D052
:10549000284600F07BF82046C8F8145001F087F940
:1054A000B9F1000F02D02048FFF7D0FDD8F808303E
:1054B0009C4230D1EFF305836BBBA289D20711D593
:1054C00086F31188BFF36F8F83F31188BFF36F8F5B
:1054D0000423184602DFEFF31186202383F312889A
:1054E000BFF36F8F3046FFF7BDFDFB0792D500235A
:1054F00083F31188BFF36F8F0423184602DF89E717
:1055000003F07F0343F00803037402F0F4FD88E71F
:105510004FF00009B2E786F31188BFF36F8FE4E71D
:105520008C050020A405002018030020027C12F046
:105530001F02034610D10A4988420DD00949086864
:1055400068B1D9897F2909D893F90E20064B1B68C9
:105550009A42B8BF0020704700207047104670473D
:1055600018020020A8010020B0050020044BC01A3A
:10557000044BC0105843044B01221A54704700BF1B
:1055800098030020ABAAAAAADB06002070B50C4B3A
:105590000C4D1E7CFFF7CAFF182303FB065504467B
:1055A000284602F066FE084B00229A553CB1621E66
:1055B00028460649BDE87040D31700F065B870BDB5
:1055C0008C05002098030020DB0600206D550000AC
:1055D00038B5EFF31185202383F31288BFF36F8F63
:1055E0000F4B104A9C681068A04206D1FFF7CEFF0F
:1055F00085F31188BFF36F8F38BD00211B7C1160CC
:10560000094AD35C002BF3D02046FFF78FFF002818
:10561000EED0237CDB0601D1FFF7C8FD2046E5E78D
:105620008C050020AC050020DB060020024B18682A
:10563000984208BF00207047AC010020034B1B6854
:105640000BB9FEF72FBE0020704700BFB405002045
:1056500030B570B10B4B5B6898420AD0036843B118
:10566000D3E90421D0E90445121941EB0501C3E94E
:105670000421D0E9003213605A600023C0E90033EE
:1056800030BD00BFAC010020B3F1FF3F08BFB2F155
:10569000FF3F2DE9F84F0446994615461F467AD03C
:1056A0008160EFF31188202383F31288BFF36F8F9B
:1056B000B9F1000FDFF8E4A020DBFFF7BFFFDAE964
:1056C0000027013549F100092D1849EBE073C4E9C1
:1056D0000453AD18064643EB07074FF00109FFF7E7
:1056E000A5FFDFF8BCE0DEF804A00346EBB9C4E98F
:1056F00000EACAF80040CEF8044028E0DAE90012D7
:105700006FF001035B1A4FF0FF3161EB02025B1B8C
:1057100062EB0902012B72F10001BCBF01230022E0
:10572000C0E904324FF00009D9E7D3E9041CD4E9F9
:1057300004208A4270EB0C0B24DA891A5A686CEB4D
:105740000000C3E90410C4E9003214605C60FFF794
:105750006DFF84420ED1134B1B685BB9B9F1000F8A
:1057600002D1FFF76BFF0646304602F06BFD0021C9
:10577000FEF766FD88F31188BFF36F8F2846394620
:10578000BDE8F88F521A60EB0C005345C4E90420C1
:10579000ADD01B68AAE700252F46EFE7B003002035
:1057A000AC010020B40500202DE9F047DFF8A890F7
:1057B000DFF8A880C9F800000246FFF737FF0D4662
:1057C00000260027D8E900134FEAE27E50B1D0E965
:1057D000044CA2427EEB0C0A1BDAA41A6CEB0E06F8
:1057E000C0E9044652184FF0000443EB0E03204674
:1057F000C8E90023C9F8004002F024FD2146FEF765
:105800001FFD85F31188BFF36F8FBDE8F047FFF7E9
:10581000DFBE611843EBE473C0E90467C8E9001315
:10582000FFF716FF01224FF00043C0E9042385F380
:105830001188BFF36F8F83689847EFF3118520239A
:1058400083F31288BFF36F8FD9F80020121BC9F8B9
:105850000020FFF7EBFEB5E7B4050020B003002001
:1058600010B5EFF31184202383F31288BFF36F8FF9
:10587000FFF7E4FE054A0346D2E90001181841EBA0
:10588000E37184F31188BFF36F8F10BDB003002064
:105890002DE9F04F8BB04368009383789C078046D6
:1058A000924640F1F98000250878002800F0F68043
:1058B00025280AD04B1C019301354146009B98478F
:1058C0000028C0F2E3800199EEE74E788B1C252E6C
:1058D0000193F1D00027B9463C460A221F2C22D85A
:1058E000A6F12003102B20D8DFE803F0141F1F1AA5
:1058F0001F1F1F0B1F1F1F121F171F1F090044F020
:105900000104019B13F8016B0193002EE6D13AE0EC
:1059100044F0020444F00404F3E744F00804F0E720
:1059200044F01004EDE77F2C24D8A6F13003092BB6
:1059300008D860064EBF02FB073702FB093944F066
:105940002004DEE72A2E0DD161065AF8043B53D419
:10595000002BA7BF44F020049946C3F1000944F08E
:105960002804CEE72E2E05D1630600F1978044F07F
:105970004004C6E76C2E2ED028D8682E32D06A2E6E
:1059800037D04C2E35D0002F46F02003B8BF24F07E
:105990004004A3F16502BCBFA4B20027022A01D9CA
:1059A000612B2BD10AF1070A2AF0070A9C4E0AF153
:1059B000080A0727210760D506EB070B34465C452C
:1059C0005DD1AE1BA219A9EB070959E1742E98D03D
:1059D0007A2E96D0D7E7260648BF44F4007444F0E8
:1059E00080048EE7E00548BF44F4007444F48074FA
:1059F00087E744F4207484E71F4682E7A6F1630238
:105A0000122A00F2D880DFE812F013004D00D60011
:105A1000D600D600D6004D00D600D600D600D6005F
:105A2000D600E800D100D600D6001A00D600A000AB
:105A30005AF8043B8DF81030012704AEBAE75AF843
:105A4000046B784B002E08BF1E4614F0400F14BFA5
:105A500039464FF0FF31304602F05DFC0746A9E7BA
:105A6000009B41462020984700280FDB013CA742BD
:105A7000F6D34D442D1BA1469EE74C46F7E714F89C
:105A8000010B009B41469847002898DA98F80230AD
:105A900043F0040388F802304FF0FF3528460BB07E
:105AA000BDE8F08F220630D5A3052AD50AF1070AF2
:105AB0002AF007039A4659685AF8080B24F0100B8D
:105AC00000291FFA8BFB2FDA404261EB41014BF4B6
:105AD000806B04AC0A23224602F029FC1BF0400F25
:105AE000A0EB040200F08E802BF001049742A4B2D8
:105AF00040F38F80002E40F08E802BF01104A4B272
:105B00001DE05AF8040BC117D8E7E0055AF8041B4A
:105B100001D40846F7E7A2054BBF48B208B241F3EB
:105B2000C01141F3C031C9E750EA0103D1D1630686
:105B3000CFD5002FCDD124F01104A4B23A463B4674
:105B400040F206410C4262D124E024F01004A4B2D9
:105B50000A2314F0800243D014F400711FBF0AF12D
:105B6000070A2AF007029246516814BF5AF8080B38
:105B70005AF8040B50EA01023ED124F0160B6206DB
:105B80001FFA8BFB3CD5002F3AD124F01704A4B2A6
:105B90003A463B4621075AD4E10705D5994572DDBF
:105BA000A9EB03039F184B469B464AE044F01004C0
:105BB00010237826CDE7782B04D1C6F1780343F083
:105BC0001003C6E7009B4146252098470028FFF6B2
:105BD0005DAF02354146304670E608230026B8E73F
:105BE00014F480715AF8040BC4D014F400711ABF75
:105BF000C0B2114680B2BDE724F006041FFA84FB50
:105C000004AC68E713465C46E10699D52EB901332A
:105C1000C0E71346F8E73B46F6E70233BAE700BFB2
:105C2000B78C0000B08C0000CDE902324146009BE9
:105C3000202098470028FFF629AFDDE902320BF15A
:105C4000010BD945F0DCEB1A03EB0B055B46E106D3
:105C500027D5CDE902324146009B302098470028E5
:105C6000FFF614AFDDE902327EB901352F44791B0E
:105C70008A4229DB144604AE9CBB2A44A9EB0309E3
:105C80001546914442E017468EE7CDE902320235CF
:105C900041463046009B98470028DDE90232E5DAAC
:105CA000F4E640F206410C42E0D014F0020F14BFBB
:105CB0002B20202014F4806FCDE9023205F101057C
:105CC000414618BF2D20E5E7CDE902324146009B51
:105CD000302098470028DDE9023205F10105C6DAD7
:105CE000D4E6013CCDE90232305D009B4146984745
:105CF0000028DDE90232BFDAC8E6009B41462020D9
:105D00009847002805F10105FFF6C0AEA9EB050391
:105D1000002BF2DCD7E500BF30F0004270B5014641
:105D2000034604D1BDE87040012000F045B80028CA
:105D300003DABDE8704000F047B8B0F1FF4F02DB76
:105D4000FAF724FA70BDB0F5000F2DDA4FF0984144
:105D5000FAF724FB6FF018020346D8157F38104479
:105D6000C60F00EBD070C3F31604FAF7C3FA05466A
:105D7000C6F17F0044EAC050FAF776FE0B490646AA
:105D80002846FAF70BFB0A4904463046FAF706FBA9
:105D900001462046FAF7FAF9064904462846FAF77A
:105DA000FDFA01462046CBE70022D6E7DB27543533
:105DB000D95BDE3E80209A3E08B1024870474FF022
:105DC000FF407047000080FF08B502F007FB014864
:105DD00008BD00BF0000C07F7047012303FA01F136
:105DE00003691B68194218BF82F0010212B183686F
:105DF000DB68184783681B69FBE710B54FF4004C5C
:105E000020EAE074002140F2E7304FF47A72002378
:105E1000E4FB0C01FAF7AEFCBDE8104002F0D9B982
:105E2000FFF7EBBF02F018B908B502F05BFA4FF4C8
:105E30007A72A0FB020302FB0133C00B40EA43402D
:105E400008BD08B5FDF7B2F808BD002070477047DF
:105E5000704707B50023019301A800F0F9FE18B1BF
:105E6000802003B05DF804FB00F017FF019B03F0F6
:105E70000100990748BF40F002005A0748BF40F0B0
:105E80000400190748BF40F00800DA0648BF40F098
:105E90001000990648BF40F02000DA0502D540F016
:105EA0004000DEE7002BDCD00028DAD1D8E713B5BC
:105EB0000024CDE900440821684600F0B5FE03281F
:105EC00013DD00F108030DEB030010F80B4C10F884
:105ED0000C3C240444EA036410F8093C1C4310F809
:105EE0000A3C44EA032002B010BD2046FBE708B597
:105EF0000120FCF717FB1FB50B468DF80C00009234
:105F00000121002203A8FBF775F805B05DF804FB3A
:105F100007B504220DEB0201FFF7EDFF019803B076
:105F20005DF804FB1FB560F07F008DF80C00009257
:105F300000230A4603A80121FBF75CF805B05DF8D1
:105F400004FB07B501228DF807000DF107010D20B4
:105F5000FFF7E8FF03B05DF804FB1FB560F03F00FA
:105F60007F298DF80C00C8B281BF60F07F00C9099D
:105F70008DF80D008DF80E1098BF8DF80D00009370
:105F80008CBF03210221002303A8FBF733F805B0DF
:105F90005DF804FB07B501238DF807200DF107021A
:105FA000FFF7DBFF03B05DF804FB1FB57F294FF05F
:105FB0000003039384BF86238DF8093040F040002E
:105FC00088BF10238DF808008CBF8DF80A308DF83B
:105FD0000910009202A88CBF0321022103AB00220A
:105FE000FBF708F8039805B05DF804FB13B502232E
:105FF0008DF80400002401AA04212D208DF805400D
:10600000FFF7ABFF032206212D20FFF7C3FF224637
:1060100006212D20FFF7BEFF04220A212D20FFF7C5
:10602000C4FF02B010BD0020FFF772BF07B5042205
:10603000ADF80410ADF806000DEB02010320FFF7E8
:1060400071FF03B05DF804FB0A4601460920FFF723
:1060500069BF07B5152340F4AE10ADF80000ADF8E8
:10606000023005220023694608208DF80430FFF72E
:1060700059FF03B05DF804FB0220FFF762BF014641
:1060800005220A20FFF74EBF07B54FF480730222A6
:1060900001A90D20ADF80430FFF744FF03B05DF80F
:1060A00004FB73B5042205460E4610200DEB0201D9
:1060B000FFF721FF9DF8044004F07F0455B1B4427E
:1060C00008D824B1224629461120FFF714FF2046A4
:1060D00002B070BD0024FAE7014605221520FFF743
:1060E0000ABF014605221720FFF705BF10B586B08D
:1060F000044604A904221020FFF7FDFE049B1B0D9B
:10610000238004A908221220FFF7F5FEBDF8103005
:106110002381BDF81230A380BDF81430E380BDF8B0
:106120001630638140F25553ADF80C3004230093D0
:10613000002204AB022103A8FAF75CFFBDF810307F
:10614000A381BDF81230638006B010BD08B54020B1
:10615000FFF7F7FEBDE808400A20FFF763BE08B569
:10616000E02203213620FFF715FFBDE80840F022AA
:1061700003213620FFF70EBF07B5052269460F2021
:10618000FFF7B9FE00989DF8041003B05DF804FB1A
:10619000002814BF8620062008B5FFF7D2FEFFF7BF
:1061A000EBFF00F0006001F00401084314BF4FF062
:1061B000FF30002008BD1FB5029002A88DF80C101A
:1061C000FFF75DFF4FF44073022201A90D20ADF8E7
:1061D0000430FFF7A7FEFFF7CFFF020100F00063D6
:1061E0000AD5FFF7B3FFFBF7B3F9FFF74DFF4FF009
:1061F000FF3005B05DF804FB1846FAE7FAF790BEE9
:106200007047FAF7ABBE0B0A017043700B0C090E16
:106210008370C1707047D8B1CBB10C39342916D80E
:106220000178412913D14178882910D1B0F80310A1
:1062300091420CD182781A705980B0F805209A806A
:10624000B0F80720DA80427A1A72012070470020E5
:10625000704770B50446BDF81000637141251B0AF4
:106260002570E270A371120AE071059EA170882565
:10627000000A102365702271207263723278012A3D
:1062800006D804F10A007168FFF7BDFF0E2070BD4B
:10629000022AF368757A04F10C002CD04BB3242D3C
:1062A00028BF00250323A3727378E3727168FFF798
:1062B000AAFF337A2374337C6374716904F112008A
:1062C000FFF7A1FFB6F91830A375C3F30723E375F1
:1062D000B6F91A302376C3F307236376A5761DB388
:1062E0002A46F16804F11B0001F0FFFF1B35E8B2FC
:1062F000CDE71D46D6E7ABB12D2D28BF00250223E3
:10630000A3727378E3727168FFF77DFF337A2374A9
:1063100065745DB12A46F16804F1120001F0E5FFF1
:106320001235E4E71D46EAE71B20B0E71220AEE78E
:1063300070B50446BDF81000637141261B0A267033
:10634000E270A371E0712223059DA1708826120AD4
:10635000000A66702271207263722B78012B06D8B6
:1063600004F10A006968FFF74EFF0E2070BD02239A
:10637000A3726B78E37204F10C006968FFF743FFC6
:10638000B5F908302374C3F307236374B5F90A30F1
:10639000A374C3F30723E3741420E7E703460C292F
:1063A0004FF00000D0709080D0801081907206D1A4
:1063B000012111709B7853709070012070470F2954
:1063C00008D1997A02291AD11170D97A51701B7BA0
:1063D0009370F2E7172912D1997A03290FD111701E
:1063E000D97A5170197B9170597BD170D98991807C
:1063F000198AD180598A11811B7D9372DDE770471C
:106400000C2905D10123137000235370012070471C
:106410000E2906D1837A991E012902D81370C37AF6
:10642000F3E70020704701398BB2072B0DD8012309
:106430008B400342DAB208D0531E0340002003B958
:1064400070475A1E01301340F9E74FF0FF30704794
:10645000014640F2E73008B54FF47A72002300EBB2
:10646000C130490CFAF786F9BDE8084001F0B1BE29
:10647000034600681979704710B5FAF70FFE90B916
:10648000FAF7F8FE044688B904214DF6CA60FFF712
:10649000CDFDFAF7F1FD60B1FBF76CF860B9FBF7E1
:1064A00045F8204610BD4FF0FF34FAE76FF00104C5
:1064B000F7E76FF00204F4E76FF00304F1E708B5C3
:1064C000FBF734F8BDE80840FFF7DEBD08B5FFF77D
:1064D0003DFEFBF72BF8FFF7D7FDBDE80840002095
:1064E000FBF748BB08B5FBF721F8FFF7CDFDBDE88A
:1064F00008400020FBF73EBB00EBC100408840088D
:106500007047F8B50346FFF7F7FFB0FA80F0C0F127
:106510001F0003EB800CCA00DCF81060171D0C464E
:1065200006328DB256B9012101FA00F0D968014353
:10653000D960CCF81040DD539D52F8BDF100043114
:10654000585AD85303EBC0009E52C5805D52F4E701
:10655000043A2DE9F843CC1D114424F0070421F03E
:106560000706A6EB04084FEAD807B7FA87F2C2F18C
:106570002405AD004FF000090735C2F12002ED08F7
:1065800004604946A760C4F80C90920004F1100022
:1065900001F0B9FEAAB2530043F0010363807B1BF4
:1065A0009BB204EBC5015800A4F80090488024F881
:1065B0003520A6F8029024F8083004EBC7032946DA
:1065C0005A8842F001025A802046BDE8F843FFF79E
:1065D00098BF002070470FB407B504A951F8040B09
:1065E0000191FBF76DFF03B05DF804EB04B0704759
:1065F000038B13F0070306D10368002B18BF032099
:1066000008BF00207047022B05D1408BB0FA80F004
:10661000400980007047012B04D10368002B18BF8C
:106620000520EDE70020704710B50C4600B111B908
:106630006FF0150010BD081D00F087F80028F9D193
:10664000A368032BF6D9F3E72DE9F0410D46074681
:106650001946281D90461E4600F088F8044638B1B9
:106660003346424629463846A446BDE8F0416047D5
:10667000BDE8F08110B4EFF31182202484F3128876
:10668000BFF36F8F416110BC0121FBF761BF38B5CB
:106690000C46054658B151B10B6843B14B6833B154
:1066A0001C22002101F02FFE2C61002038BD6FF06C
:1066B0001500FBE7F8B504460E46FFF7B5FF051ECB
:1066C0003BDBEFF31182202383F31288BFF36F8F3C
:1066D000638B278B4FF6FF718B4207F007072ED095
:1066E000062F2FD8DFE807F0182E082E1804180000
:1066F0006FF08505002303E0013363830225012346
:1067000082F31188BFF36F8FBBB100233A46314645
:106710002046FFF799FF10E000233360636823B938
:10672000C4E9006627B13D46E4E71E606660F9E70C
:1067300002212046FBF70CFF3D462846F8BD6FF0CE
:106740000A05D7E76FF00405D4E7034658B142685D
:1067500002F00302012A03D0032A04D1026812B115
:106760000020986070476FF01500704742688160A4
:1067700002F00302032A4FF0000203460CBF006838
:1067800010465A607047704701F0BDBD01F0ADBDC5
:1067900001460068FCF70CB808B5FCF739F8BDE80D
:1067A0000840FCF771BB00210120FCF701B86FF035
:1067B0008500704761B662B680F31188BFF36F8FB2
:1067C000704772B6002383F31188BFF36F8FBFF356
:1067D0004F8F30BF62B6BFF36F8F704772B6002322
:1067E00083F31188BFF36F8FBFF34F8F20BF80F308
:1067F0001188BFF36F8F62B67047202809D9B0F1B6
:10680000004F08D80138B0FA80F0C0F11F004000F6
:106810007047082070473E2070470369C9B20C22B8
:1068200002FB0133186C00F00700704770B5034697
:10683000C9B20069EFF31186202484F31288BFF3F4
:106840006F8F0C2505FB0104246C14F0C00401D0EB
:10685000A24210D105FB010001220264002086F350
:106860001188BFF36F8F28B95B6803EBC1035B68C6
:106870009847002070BD4FF0FF30F0E78022FFF70F
:10688000D5BFF8B5069F04690546C9B2EFF3118C70
:10689000202080F31288BFF36F8F0C2606FB014681
:1068A000306C00F0070EBEF1010F11D137640026E5
:1068B0008CF31188BFF36F8F46B90C2000FB0144A5
:1068C000C4E90E236B6853F8313098473046F8BD61
:1068D00000F0C00087420CBF6FF077064FF0FF3624
:1068E000E6E713B580240094FFF7CBFF02B010BD9C
:1068F00010B40069CBB21C2404FB0300002110BCBF
:1069000010471046FEF7D4BA00F058BD43685B68E4
:10691000D3F810350B600020704743685B6802EACB
:10692000010021EA0201C3F80805C3F80C15002094
:10693000704743685B680020C3F8081570474368D8
:106940005B680020C3F80C15704743685B68D3F898
:10695000042521EA02001140C3F80805C3F80C150C
:106960000020704730B50369586800B3002488429E
:1069700019D108688CB99C685860A14200D1986010
:10698000002008602AB15A680A609A68596002B902
:10699000996000200FE02846E9E72060986881426E
:1069A00008BF9C60ECE705680446002DF3D1002A7F
:1069B000E9D16FF0150030BD00F0B1BF2DE9F04313
:1069C000476840F20636D0063B7C87B002EA0606EE
:1069D00054BFC2F3401C4FF0030C01F01F05B6F585
:1069E000837F144645EA43158DF803C042D00DD885
:1069F000062E16D005D8A6B1022E3DD06FF0150098
:106A000035E0B6F5807FF9D101260AE040F2022296
:106A1000964233D0B6F5407F32D0B6F5007FEDD147
:106A2000022622032ED57A6801238B40C2F808354E
:106A3000B86878BB05F01F026D0974D1920002F1AD
:106A4000A042C4F30041D2F8003781F00101C4F341
:106A5000404423F4E16344EA410423F007031C4368
:106A600044EA8C0444EA0624C2F80047002007B038
:106A7000BDE8F0830726D4E70426D2E70526D0E751
:106A80000326CEE7630341BF01237A688B40C2F837
:106A90000C35CDE70DF10202294600F0C0FE14F4DA
:106AA000403F80460CD1B868294600F0E6FEB8F1B8
:106AB000000FDBD19DF80210B868FDF77DFFD5E728
:106AC0004FF0000901ABCDE90199CDE90439CDF8CA
:106AD0000C90B86803AA294600F09CFD4845C5DB28
:106AE00014F4003314D0C4F300449DF803308DF83F
:106AF0000E3084F001048DF80C608DF80D40B868FC
:106B00004B4603AA294600F020FE0028CFDAADE765
:106B1000CDE904330DF103030393B86803AA2946B2
:106B200000F078FDF1E702F5E07250F82230FFDE68
:106B3000F0B544681646A068227C01F01F0587B0B6
:106B400045EA4215002869D0B6F5001F04D1294650
:106B500000F0DCFE002052E06268607CC2F8240590
:106B600001AA0020B6F5800F0190506036D1B3F134
:106B7000007F14BF052304238DF804300023CDE9E2
:106B800004230393E36823FA01F111F001010DF1ED
:106B9000030736D1B6F1A07F33D105F01F036A0990
:106BA00003F5E0733DD14FF0A04252F82330DB07EC
:106BB00027D4A0683A46294600F031FE163018D096
:106BC0000297A06803AA294600F024FD002816DBDE
:106BD000A0680122294600F052FEBBE7B3F1C06F66
:106BE00005D0B3F1007F14BF01230223C4E70323C0
:106BF000C2E7A0683946FDF7E5FE0028E0DA07B0F5
:106C0000F0BDA0683A46294600F009FE0028D8D118
:106C10009DF80310A068FDF7CFFED2E76FF0850066
:106C2000EDE751F82330FFDE13B54FF0805208290D
:106C3000136E526E28BF082112BA00921BBA0C467E
:106C40000A466946019301F050FB204602B010BD90
:106C50004FF08043D3F8002402F00103910748BFAE
:106C600043F01003110748BF43F48073D10348BFBA
:106C700043F08003510348BF43F02003510748BF4E
:106C800043F00203910348BF43F08003120348BF5F
:106C900043F080030360002070474FF080434FF0C3
:106CA000FF32C3F800240020704730B543681360FA
:106CB000057A446804EBC504A34202D36FF00100D7
:106CC00030BD5C798C4203F10803F0D10020F7E776
:106CD00070B50646446C4FF4FA535C4356F8203BBB
:106CE0004FF4004C1B68B4FBF3F40546C83440F283
:106CF000E73000214FF47A720023E4FB0C01F9F72E
:106D000039FD02460B463046FEF706F908B9286BF6
:106D100070BD6FF07300FBE7002201212320FCF718
:106D20003BB810B50B6813B91360184605E003684B
:106D30005C681CB114600368186810BD08330360F8
:106D40000B68013B0B60EDE710B5036804468BB19F
:106D50001A7D7AB1186901F07FF9236898681B7B66
:106D60000121994003691B68194283680CBF1B69A4
:106D7000DB689847A36933B9636004F11000BDE88C
:106D80001040FEF795B810BD08B50069436E8B4200
:106D900004D16430FFF7D8FF002008BD4FF0FF306A
:106DA000FBE738B50446056900F0CCF9C0B901220B
:106DB000014605F1BC0001F08CF905F16400FFF714
:106DC000C3FF0321204600F094F9002802DA10F1F5
:106DD000860F05D10121204600F08BF900EAE07012
:106DE00038BDF7B50669D6F8B020D6F8B8500746D2
:106DF0009AB9C5B12C46D6F8AC1031B33ABB11469E
:106E0000D6F8B4302BB3002D04BF2C462346009493
:106E1000384600F05DF903B0F0BDA5B195422C46AF
:106E200028BF1446E7E7716E8B88DB0401D400F0BD
:106E30000FF90023C6F8943006F1840003B0BDE8D2
:106E4000F040FEF735B81446D5E70A46D8E72246A3
:106E5000D6E71C46DBE770B50D1E046906460ADA64
:106E6000616E00F0F5F8C4F8945004F18400BDE8B8
:106E70007040FEF71DB8D4F8B030CBB19D4217D8A2
:106E80005B1BC4F8B030ABBBD4F898300833C4F8FF
:106E90009830D4F89C30013BC4F89C3004F1B00227
:106EA00004F19C0104F19800FFF73BFFC4F8AC002B
:106EB000D4F8B830CBB19D4217D85B1BC4F8B830BA
:106EC00003BBD4F8A0300833C4F8A030D4F8A43001
:106ED000013BC4F8A43004F1B80204F1A40104F1A8
:106EE000A000FFF71EFFC4F8B4003046BDE87040B4
:106EF000FFF777BFD4F8AC30002BD9D02B44C4F8BF
:106F0000AC30D5E7D4F8B430002BEED02B44C4F825
:106F1000B430EAE70069BC30FDF7CABF03460A4651
:106F200000681979012303FA01F103691B6819420A
:106F300018BF82F0010212B18368DB6818478368CA
:106F40001B69FBE7F0B504694768D4E917128B1A8F
:106F500085B0064604D1BB6805B0BDE8F0401847CF
:106F6000BD8B616D9D4228BF1D4621B101F060437C
:106F7000B3F1005F06D1A36D3BB103F06043B3F101
:106F8000005F02D0082D28BF08250023236551B1DA
:106F9000114401F06043B3F1005F04D038692A4620
:106FA00001F0A3F93969A36D43B1226E134403F0D4
:106FB0006042B2F1005F1CBF7B692365002914BFEA
:106FC0002A460022002BCDE90123009108BF0025AD
:106FD000694600222046039500F05FFE014618B185
:106FE000736830469B68984705B0F0BD70B50C6972
:106FF0000E46216D054639B1236EA06D2A691844ED
:1070000001F073F9002323652969AA68236E914270
:107010002CBF5B189B1823663046BDE87040FFF715
:1070200091BF084710B503691B680722C3F8002504
:107030000B7D0C465BB1012104F10800FFF76EFFE8
:10704000237D23B12069BDE8104001F005B810BDD3
:1070500038B503691C680B7D0D464BB1086900F01B
:10706000FBFF2B7D23B1002105F10800FFF756FF40
:107070004FF08053D3F83021511C09BF4FF07043BB
:10708000D3F8343193F8E02FD3F8E83F08BFC3F3C7
:107090000313062A18D1032B16D04FF0FF3200231A
:1070A000D4F80805D4F80C15C4F80035C4F8082540
:1070B000C4F80C250922C4F80025C4F80035C4F82A
:1070C0000805C4F80C1538BD0023C4F80035FAE7EC
:1070D00010B40469C4E91513019B93422CBFE36506
:1070E000E2650023236610BCFFF72CBF006900F0A7
:1070F000CDBE012913B515D008D9023901298CBF9D
:107100006FF015006FF0850002B010BD046994F8AF
:1071100030302BB12046FDF769FD002384F8303074
:107120000020F1E743685C6801AA00212046FFF7D0
:10713000BCFD0028E8DB019B226819791868FCF780
:10714000F7FBE1E72DE9F843436804461B689847DD
:107150006368DE7FDC6800250127B54202D300208A
:10716000BDE8F88320682179E388D0F810E0D0F8F2
:107170000890DEF800C0DA0754BF43F4B01383F47C
:10718000D01323F4801207FA01F8DB074CBF48EA5A
:107190000C032CEA0803CEF80030D9F800309847E9
:1071A00008340028DCD10135D7E700F150039B00FB
:1071B0009BB203F1804303F5883300221A601B68F9
:1071C000704708B5FCF79AFE08BD4FF0FF307047D6
:1071D00008B5006990F83430994207D290F83530FC
:1071E0003BB1C9B2FDF730FD002008BD6FF01500BE
:1071F000FBE76FF00A00F8E71FB50469002301936D
:10720000CA070393236B02935CBF012301938B078F
:1072100058BF019B01A958BF43F00803204658BF3F
:10722000019300F0D3FE002806DB204600F0DDFECF
:10723000012384F83530002004B010BD4FF0805396
:10724000D3F83001421C04BF4FF0704393F8E00FB5
:10725000831F5842584170474FF0704393F8E02F16
:10726000062A08D1D3F8E80F00F0F000A0F13003AF
:107270005842584170470020704703460020184785
:1072800000F0EABE10B502461168B1B1BFF35B8FE2
:10729000B1FA81F3C3F11F000123834021EA030304
:1072A00052E8004F8C4204D142E8003CBCF1000F90
:1072B000F6D1BFF35B8FE7D110BD6FF00B00FBE79A
:1072C00010B50368CB40DB0714D401238B40026860
:1072D000BFF35B8F43EA020150E8004F944204D1B0
:1072E00040E8001CBCF1000FF6D1BFF35B8FEED17C
:1072F000002010BD6FF01500FBE770B50C460021B3
:10730000054608461646FDF793F948B93378DB0081
:1073100003F1804303F5F833C3F81055C3F814455F
:1073200070BD10B1012802D07047FDF77BBAFDF7A0
:107330002BBA18B1012803D100F025B800F03EB8EF
:10734000704708B5FDF73CFABDE80840FDF7C6BA3E
:107350004FF08052D2F83031591C09BF4FF07042C3
:10736000D2F83401D2F8E80F92F8E03F08BFC0F33A
:107370000310062B05D10338012894BF00200120FB
:10738000704700207047FDF7C5B938B54FF080440D
:107390000223C4F808330123E3600023C4F8043156
:1073A000D4F8043142F21075D4F81834DB0304D554
:1073B0000120FFF765FF013DF6D138BDFFF7E5BFBE
:1073C0004FF08052D2F83031591C09BF4FF0704253
:1073D000D2F83401D2F8E80F92F8E03F08BFC0F3CA
:1073E0000310062B05D10338012894BF002001208B
:1073F000704700207047036803F01F025B090260BA
:107400000CBF4FF0A04000207047F7B51646019022
:1074100001A8DDE908471D46FFF7EDFFB6F1000CB6
:1074200018BF4FF0010C019B0A1E18BF0122002D4E
:1074300042EA4C0203F5E0730CBF4FF0000C4FF032
:107440000C0C002C42EA0C020CBF4FF0000C4FF465
:10745000E06C002F42EA0C0250F823000CBF4FF002
:10746000000C4FF4403C42EA0C0220EA020201B157
:1074700009780EB13678760011430DB12D78AD0044
:1074800031436CB12078000229430FB13F783F04AB
:1074900008434FF0A042384342F8230003B0F0BD48
:1074A0002046F1E71FB50DF10F03019300238DF87E
:1074B0000F1000931A461946FFF7A7FF05B05DF8B5
:1074C00004FB70B5CBB20833164630F81330DA053A
:1074D00004460D4609D5C3F3432300EBC3023146EE
:1074E00050F83330526828469847A3682BB1E268B9
:1074F00031462846BDE87040184770BD10B4CBB285
:1075000000EB43039A8AD1051BD5C2F3432122F431
:10751000F8529A8200F1520400F1120232F8023F4E
:1075200013F4807F03D0C3F34323994209D0A242CE
:10753000F4D100EBC10300225A6010BC5830FFF7B1
:10754000BFBE10BC704738B5034611F001000ED025
:107550004FF0A045D5F820451C60C5F82045FFF741
:107560002FFF08B1D5F82035201E18BF012038BDE7
:10757000F0B5034600F580740020054601278446D7
:1075800095420AD1D3F87C2132B10022C3F87C2184
:10759000D3F87C3140F00040F0BD25F0404607FABA
:1075A00006F6314209D0D4F800E0BEF1000F04D055
:1075B000C4F800C0D4F800E0304301350434DFE7FC
:1075C000C9B200EB4100808A830643BF400B8000B4
:1075D00000F580704FF4BE7070470246CBB202EBEC
:1075E000430308469B8A990611D599070FD4106862
:1075F0005B0B01219940C0F80813126802EB83036A
:10760000D3F8102522F00302C3F81025704700219B
:10761000FFF748BFF0B5136885B005460C4616461F
:10762000DBB1CFB200EB4707BA8A02F02202222A6E
:107630001ED00022CDE900228DF80E208DF80F20FB
:107640000DF10E010DF10F022046FFF7DEFEBB8AA1
:1076500023F0020343F00103BB8273682BB31A7853
:107660005868E3B205EB4303998A8F0703D5B0B19D
:107670006FF015001CE021F4604121F02001998297
:1076800068B1032AF4D8716849680F7829684FEA0D
:10769000870C614472B9C1F81025C1F81025998A88
:1076A00021F01C0141EA82029A82B36843BB0020A8
:1076B00005B0F0BDD1F8100520F00300C1F81005A9
:1076C00028686044D0F8101521F4473121F4407146
:1076D000C0F810152102D0F810C501F4F85141EAA4
:1076E000024141EA0C01C0F8101505EB4701A1F871
:1076F0005C40998A41EA473141F020019982CEE706
:10770000D3E9006721462846FFF7F8FE002ECED0C9
:107710006B689E4206D005F15800FFF7B3FD0028C4
:1077200004DAC5E7AB689F42F5D1002005EBC00342
:10773000C3E90167E4B205EB4404C0B2A38A43EA9B
:10774000402343F48073A382B1E7F0B5064685B0C9
:107750000C461F46F2B1CDB200EB4505AB8A980747
:1077600001D499061ED413F01C0F02D05378012BBC
:1077700018D001238DF80F300023CDE900230DF13F
:107780000F01931C20460132FFF73FFEAB8A43F006
:107790000303AB82002F3DD0E2B206EB4202938A94
:1077A0009B0703D46FF0150005B0F0BD387833683F
:1077B00003EB80030021C3F81015C3F81015938A5A
:1077C00023F4604323F0200393827D784FEA800CFA
:1077D00005B33168BF7861442D04D1F8103523F426
:1077E000981323F4F853C1F81035230203F4F85327
:1077F00005F440353F05D1F810652B4307F4801799
:107800003B433343C1F81035938A43EA403343F096
:10781000200393820020C7E7C0E903127047C9B272
:1078200000EB4100838A990643BF5B0B0020137075
:107830006FF01500704738B590F86C4005469CB95C
:1078400040222146143000F05EFD2868C0F87C41DB
:10785000D0F87C3140F30730FBF76EFA012385F84E
:107860006C30AB65204638BD6FF07700FBE790F8D1
:107870006C00003818BF01207047FDF767B873B57A
:107880000C46C9B200EB410105688B8A9E0619D5EA
:1078900013F0020616D15B0B9C0004F580716E504C
:1078A000695801682144D1F8104544F00104C1F839
:1078B00010452AB10168012202FA03F3C1F804332A
:1078C00002B070BDD5F80433002BA4BF4FF00043C5
:1078D000C5F804338B8AC3F38203042B12D0052B23
:1078E00012D001A80194FFF786FD019AD0F8103557
:1078F000D34003F00103991C204602B0BDE870405C
:10790000FFF7D0BD0321F7E70221F5E7FFF765BEDA
:1079100008B50246FFF754FE1368184408BD2DE968
:10792000F04F074685B057F8049BD9F80413C9B245
:107930008046082241F000414846FFF719FE051E27
:1079400016DA0DF1080A0023012150460293FFF7D1
:10795000FAFD029A92B94FF000414846FFF708FE3F
:1079600001215046FFF7EFFD0028F2D125F0004538
:107970000124002D74D105B0BDE8F08F92FAA2F475
:10798000B4FA84F4E60808EB44031AF80620998A4E
:107990000394012304F0070003FA00F022EA000236
:1079A0000AF80620C1F3820B03A8CDF804B0FFF754
:1079B00022FD039A02F5E072CB0650F82260C6F36E
:1079C000014633D5019A38462146FFF77AFD03A8D0
:1079D0000394FFF710FD039B03F5E073F6B250F834
:1079E0002330C3F301439E4207D100212046FFF715
:1079F00059FD31462046FFF755FD03A80394FFF7D4
:107A0000FAFC039B012202FA03F3C0F82035FFF7CA
:107A1000D7FC00289DD04FF0A043D3F82025D3F801
:107A20002025D3F82025D3F8203592E7022E14BF65
:107A3000022103212046FFF735FDBBF1030F04D0DF
:107A4000022E08D1BBF1010FD7D1019A2146384649
:107A5000FFF737FDD1E7032ECFD1BBF1020FF3E7DC
:107A600095FAA5F3B3FA83F304FA03F225EA0205C3
:107A700003F5A27208EB430359F82220B3F85C1017
:107A8000C2F301423846FFF71CFD72E74FF0805207
:107A9000D2F83031591C09BF4FF07042D2F834018E
:107AA000D2F8E80F92F8E03F08BFC0F30310062BAE
:107AB00005D10338012894BF002001207047002021
:107AC000704730B50546900840380124844014EAD8
:107AD000010009D0A85838B10021A950AA5813B103
:107AE0001A6822431A60012030BD2DE9F3410023BA
:107AF00004460D460193904601AB4FF4A672FFF782
:107B0000E0FF4FF4827229462046FFF7DAFF4FF478
:107B10008C72074629462046FFF7D3FF064630B150
:107B2000B8F1000F1DD017B1D4F83C353E4601AB7B
:107B30004FF4887229462046FFF7C3FF30B1B8F1F1
:107B4000000F03D016B90FB1D4F83C3501AB4FF498
:107B5000907229462046FFF7B4FF019802B0BDE8B5
:107B6000F0814646E3E770B54B7F04460D467BB196
:107B7000012343616426002202212046FFF7B5FF5E
:107B800020B90120FFF77CFB013EF4D100236B7785
:107B90004FF08053D3F83021511C09BF4FF0704390
:107BA000D3F8343193F8E02FD3F8E83F08BFC3F39C
:107BB0000313062A18D1032B16D04FF0FF320023EF
:107BC000D4F80805D4F80C15C4F80035C4F8082515
:107BD000C4F80C250922C4F80025C4F80035C4F8FF
:107BE0000805C4F80C1570BD0023C4F80035FAE789
:107BF000430906D101234FF0A0428340C2F8083563
:107C000070470023C3F80835FFDE430906D101237E
:107C10004FF0A0428340C2F80C3570470023C3F8F0
:107C20000C35FFDE70B51D4690F820300446164630
:107C30008BB919B14869FCF7D1FE78B1C4E9016587
:107C400011B12046FCF718FF0020012384F8210021
:107C500084F8203070BD6FF07700FBE76FF01500FF
:107C6000F8E738B590F8202005466AB190F8212051
:107C700002F0FF045AB94869FCF7B0FE50B128463B
:107C8000FCF7FAFE204638BD6FF07600FBE76FF098
:107C90000F00F8E76FF01500F5E72DE9F04F90F8C9
:107CA000213087B004460E461746002B40F0EB808B
:107CB00043682BB112F0140F04BF012380F8213068
:107CC00096E80F0004F1100585E80F00E06A431CF8
:107CD00005D094F822309D0718D5FFF789FF336847
:107CE000256823B103F06043B3F1005F06D1B368A8
:107CF0007BB103F06043B3F1005F0AD0002384F846
:107D000021306FF00C0007B0BDE8F08FFFF77DFF6A
:107D1000E5E717F0010318BF0123C5F8503517F048
:107D2000020318BF0123C5F840354FF08053D3F844
:107D30003031591C04BF4FF0704393F8E03F062BDD
:107D400045D1F368012B42D17368012B3FD8606A9B
:107D500000283CD0FFF78BFD28B9606A0721FFF7A8
:107D60006AFD0028CFD104F12808606A4146FCF77B
:107D700029FE0028C7D103238DF800306B46CDE9DA
:107D80000180CDE90330D5F80885606A02AA414632
:107D9000FFF740FC0028B6D102464146606AFFF773
:107DA0006EFD4146606AFFF7B3FD04F1290205F15B
:107DB0001401FFF7A2FA0028A5D194F82900FCF7D6
:107DC0005DFC94F8223043F0040384F82230FFF77E
:107DD0005DFED6E900AB07F00808D6E9029660B16F
:107DE000B8F1000F09D00026C5F84C61D5F84C3128
:107DF0004FF40023C5F80433B3460023C5F844A567
:107E0000C5F848B5C5F83495C5F83865C5F81831D2
:107E1000D5F818310723C5F80035B8F1000F03D1A4
:107E2000626801232B619AB1636813BBE06A421C4C
:107E300005D094F822309B0718D5FFF7E6FEB8F17D
:107E4000000F03D1211D2846FFF78DFE00205AE7C1
:107E5000D5F81831002BFBD002AA40212846CDE9E5
:107E600002ABCDE90496FFF740FEDDE7FFF7C0FE69
:107E7000E5E717F0040F4FF0400314BFC5F80833CF
:107E8000C5F80433E2E76FF00F003CE7011D00681E
:107E9000FFF769BE38B504460568FFF7F7FD10B374
:107EA000D5F8043318031ED5D5F84C31DBB10023C7
:107EB000C5F84C31D5F84C21C5F81831D5F8183132
:107EC0004FF40023C5F80833D4E90423C5F844254A
:107ED000C5F84835D4E90623C5F83425C5F8383542
:107EE00001232B6138BD04F1100240212846FFF721
:107EF000FCFDB0B1E06A411C05D094F822309A072D
:107F000030D5FFF782FE94F821301BB1211D2846A1
:107F1000FFF729FE2046002300F80C3FD4E9013189
:107F2000984794F822305B07DCD5D5F80815606ACD
:107F3000FFF7ECFC94F82900FCF7A8FB94F8281054
:107F4000606AFCF739FD05460028CBD194F829205A
:107F50000146FCF77BFB94F8223065F3820384F83A
:107F60002230BFE7FFF744FECDE74162704738B5E6
:107F7000D1E9005104460023C8034FF47A72490C3A
:107F8000F8F7F8FB2368C3F80C55C3F80405A36899
:107F900063B124680023C4F8003144F30730D4F8F7
:107FA0000031FAF7C9FE0123C4F8043338BD38B5EF
:107FB000C0E90223437933B90123437109B1FFF7C3
:107FC000D6FF002038BD6FF07700FBE708B5437996
:107FD0002BB1022B06D0FFF7CAFF002008BD6FF0BF
:107FE0007600FBE76FF00F00F8E7036801221A60E4
:107FF00002234371704710B5EFF31184202383F3FC
:108000001288BFF36F8F0379072B11D80B700133E0
:10801000037102680978D2F8080501238B400343F5
:10802000C2F80835002084F31188BFF36F8F10BDAC
:108030006FF00B00F7E70368D3F80414D3F80021BE
:108040004AB10022C3F80021D3F80031D0E902324E
:108050004FF480701847704708B1FBF713B97047A9
:1080600010B5436904463BB90020E268537843F0F9
:1080700001035370404210BD98470028F4D00028F7
:10808000B8BF4042E368FF28A8BFFF201870ECE7A4
:1080900040B1C368587810F001001EBF1878B0FADC
:1080A00080F040097047EFF31183202383F3128897
:1080B000BFF36F8FFEE708B5FFF7F5FF08B5202483
:1080C000EFF3118384F31288BFF36F8FFEF779FB10
:1080D000F6E73AB18A4205D3C0E90212C0E90000CE
:1080E000002070476FF015007047EFF305800038EF
:1080F00018BF01207047D0E9003213605A60002396
:10810000C0E90033704708B5FFF7F5FF037C23F0A3
:10811000020303740023836008BD38B504460D468E
:10812000FCF7F8FF237C43F002032374D5B1A5606C
:108130002B689D4209D16B68C4E900531C606C60D8
:1081400010E06A689A42F6D01B68002BF3D093F9CE
:108150000E1094F90E209142F3DD5A68C4E9003202
:1081600014605C6038BD10B5EFF31184202383F3F5
:108170001288BFF36F8FFCF78DFF84F31188BFF374
:108180006F8F10BD08B5037C13F0280F01460CD18A
:1081900083680BB1FFF7B7FF0B7C23F004030B746C
:1081A0000846BDE80840FCF775BF08BD10B5EFF301
:1081B0001184202383F31288BFF36F8F1838FFF7E1
:1081C000E1FF84F31188BFF36F8F10BD0846FCF701
:1081D000D9BF38B50C460546FDF7C8F8B4F1FF3FE6
:1081E00008BFB5F1FF3F1FBF47F6FF7300224FF4F2
:1081F0007A71E0FB01321ABFD80B40EA42404FF0DF
:10820000FF3038BD38B50446EFF31185202383F3E2
:108210001288BFF36F8F037C5B070ED5183000F018
:1082200028F8237C23F0040320462374FCF732FF54
:108230002846BDE83840FCF7A5BF85F31188BFF399
:108240006F8F38BD08B50246FDF7F0F970B1D0E97F
:1082500004319B1A61EBE272B3F1004F72F100013D
:1082600004DA002AACBF1846002008BD6FF00040B9
:10827000FBE738B50246EFF31185202383F312881C
:10828000BFF36F8F0368D3B1FDF7D0F904461046F2
:10829000FDF7DEF900224FF000438442C0E90423D9
:1082A00005D0002085F31188BFF36F8F38BDFDF72F
:1082B000C5F9FFF7C7FF0021FBF7C2FFF1E7D0E9DF
:1082C0000413B3F1004F08BF012904D100204FF07F
:1082D0000041C2E904016FF01500E3E708B5FDF7BE
:1082E000BFFA08BDFDF7BCBA70470A44914200F1DD
:1082F000FF3300D1704710B511F8014B03F8014F5F
:108300009142F9D110BD02440346934200D1704717
:1083100003F8011BF9E710B5024601448A421346EF
:1083200003D01C780132002CF8D1181A10BDF0B51A
:10833000C3F137070446FFB203F01F031046082BB2
:10834000E6B233D0102B3ED06508A40844EA81740D
:1083500045EAC1752D194FEA910242EB51022909F4
:1083600041EA02716D1842EB1212290A41EA0261D8
:108370006D1842EB1222290C41EA02416D1842EBC2
:108380001242AD1842F10002EC0844EA4274D108EE
:1083900004EB8402A6EB4205EDB2092D0CD90134A1
:1083A000A5F10A0541F10001EDB212E0E40844EA4A
:1083B000417406F00705C908303554EA010200F897
:1083C000015BBCD1F0BD240944EA017406F00F053D
:1083D0000909092D84BFED19EDB2EDE720F0004049
:0C83E000B0F1FF4F94BF00200120704757
:0883EC00BC83FF7F01000000CB
:1083F400CD320000000000006D32000000000000DB
:1084040000000000448400000000000060840000BC
:10841400000000007C84000000000000988400003C
:108424008940000000000000493200000000000004
:1084340000000000B4840000452700000000000094
:108444005F8C0000288700004C860000BC010020DF
:10845400BC04002061330000000000007E8C00009A
:108464003887000010860000C00100205405002059
:10847400F5380000000000006E8C000000000000D1
:1084840008860000BE01002010050020DD37000032
:1084940000000000998C0000000000003C860000F1
:1084A400C4010020680100205943000000000000BE
:1084B4008C8C00004C87000034860000C201002030
:0C84C4009C000020A36D000000000000E0
:1084D000437300007B72000000000000A7670000EB
:1084E00000000000A767000000000000A767000070
:1084F00000000000A767000000000000A767000060
:108500002C000020B969000000000000A7670000EF
:1085100000000000A767000000000000A76700003F
:1085200000000000A767000000000000A76700002F
:1085300000000000A7670000100500204938000077
:1085400000000000A767000000000000A76700000F
:108550006801002037800000000000005541000045
:1085600000000000A767000000000000A7670000EF
:1085700000000000A767000000000000A7670000DF
:1085800000000000A767000000000000A7670000CF
:1085900000000000A767000000000000A7670000BF
:1085A00000000000A767000000000000A7670000AF
:1085B00000000000A767000000000000A76700009F
:1085C00000000000A767000000000000A76700008F
:1085D00000000000A767000000000000A76700007F
:1085E00000000000A76700009C000020957E0000AE
:1085F00000000000A767000000000000A76700005F
:0886000000000000A767000064
:0886080089370000D93600009B
:10861000BD6900000D6900001B690000336900009E
:108620003F6900004B690000316B00006569000084
:048630000000000046
:088634008D3A0000896D000081
:10863C00F9710000CB710000E9420000D17100001B
:10864C00B93300007D680000E36800000000000002
:0C865C001B68000000000000000000008F
:1086700000000000E803000000000000020000000D
:10868000F0000018040000000000000000000000DE
:108690000338FDD87047000000127A000001000086
:1086A00000000000000000000000000000000000CA
:1086B0000000000080841E00000100000000000097
:1086C00000000000000000000000000000000000AA
:1086D000608400000C0000006084000018000100AD
:1086E000608400001300000060840000110001009D
:1086F000000000200000000000000B060200000047
:108700000487000000000000508C000024000206D6
:1087100000000020588C00001E000B111D330000CB
:10872000ED32000000000000893400000934000030
:10873000E933000009690000FFFFFFFF000000505F
:108740002C0000200000000000000000196D000057
:108750006C870000576E00008C870000D206002056
:10876000CA06002000127A00FF00FF01003002401C
:1087700078870000010000008087000003000000EF
:1087800010000004140000051200000660840000C0
:1087900011000100F4830000FC8300002484000029
:1087A0002C8400003C840000448400001400640019
:1087B000F401FFFFFFFFFF004661696C65642074F0
:1087C0006F207265626F6F743A207370696E6E69A4
:1087D0006E6720656E646C6573736C792E2E2E0A3D
:1087E000002A2A2A20426F6F74696E67206E5246F3
:1087F00020436F6E6E6563742053444B2076332E96
:10880000342E302D39393535333035353630376201
:10881000202A2A2A0A002A2A2A205573696E6720EC
:108820005A6570687972204F532076342E342E307A
:108830002D626638303165346533643139202A2A37
:108840002A0A0072302F61313A20203078253038E2
:1088500078202072312F61323A202030782530384C
:1088600078202072322F61333A202030782530383A
:10887000780A0072332F61343A202030782530385E
:1088800078207231322F69703A20203078253038C4
:1088900078207231342F6C723A20203078253038AD
:1088A000780A0020787073723A20203078253038AA
:1088B000780A004661756C74696E6720696E73741E
:1088C00072756374696F6E2061646472657373207E
:1088D000287231352F7063293A2030782530387866
:1088E0000A00556E68616E646C6564204952516E71
:1088F0003A2025640A002A2A2A2A2A205553414769
:1089000045204641554C54202A2A2A2A2A0A00206A
:10891000204469766973696F6E206279207A657286
:108920006F0A002020556E616C69676E6564206D6A
:10893000656D6F7279206163636573730A0020202F
:108940004E6F20636F70726F636573736F7220690F
:108950006E737472756374696F6E730A00202049B8
:108960006C6C6567616C206C6F6164206F6620457C
:1089700058435F52455455524E20696E746F2050D3
:10898000430A002020496C6C6567616C2075736533
:10899000206F662074686520455053520A002020DD
:1089A000417474656D707420746F206578656375AB
:1089B000746520756E646566696E656420696E73A2
:1089C0007472756374696F6E0A002A2A2A2A2A2033
:1089D000425553204641554C54202A2A2A2A2A0A15
:1089E000002020537461636B696E67206572726F3B
:1089F000720A002020556E737461636B696E672084
:108A00006572726F720A0020205072656369736527
:108A1000206461746120627573206572726F720ADE
:108A20000020204246415220416464726573733ACB
:108A300020307825780A002020496D7072656369BE
:108A40007365206461746120627573206572726F52
:108A5000720A002020496E737472756374696F6EB8
:108A600020627573206572726F720A002020466C56
:108A70006F6174696E672D706F696E74206C617AB6
:108A800079207374617465207072657365727661A4
:108A900074696F6E206572726F720A002A2A2A2A20
:108AA0002A204D5055204641554C54202A2A2A2A26
:108AB0002A0A002020537461636B696E6720657217
:108AC000726F722028636F6E7465787420617265AE
:108AD00061206D69676874206265206E6F7420760E
:108AE000616C6964290A002020446174612041633B
:108AF000636573732056696F6C6174696F6E0A00E9
:108B000020204D4D46415220416464726573733A92
:108B100020307825780A002020496E7374727563BE
:108B200074696F6E204163636573732056696F6C5F
:108B30006174696F6E0A00526573657276656420B0
:108B4000457863657074696F6E2028005370757284
:108B5000696F757320696E74657272757074202800
:108B60004952512000535053454C20696E2074687F
:108B700072656164206D6F646520646F6573206E3B
:108B80006F7420696E646963617465205053500A84
:108B9000002A2A2A2A2A2048415244204641554C7C
:108BA00054202A2A2A2A2A0A002020427573206685
:108BB00061756C74206F6E20766563746F722074BB
:108BC00061626C6520726561640A00202044656200
:108BD0007567206576656E740A0020204661756CA5
:108BE0007420657363616C6174696F6E20287365AE
:108BF000652062656C6F77290A00415243485F45E2
:108C00005843455054207769746820726561736FCA
:108C10006E2025780A0A002A2A2A2A2A2044656218
:108C20007567206D6F6E69746F722065786365700B
:108C300074696F6E202A2A2A2A2A0A002A2A2A2AD6
:108C40002A20257320256429202A2A2A2A2A0A0074
:108C5000464C4153485F30005352414D5F300063F2
:108C60006C6F636B403430303030303030007261C4
:108C70006E646F6D40343030306430303000677077
:108C8000696F4035303030303030300073706940BB
:108C90003430303233303030007761746368646F61
:108CA00067403430303130303030006D61696E00F3
:108CB000286E756C6C29002A666C6F61742A00003E
:088CC000010203040506070090
:108CC800B486000000000000000000000000000062
:108CD80000000000FF0000003440344000000000A5
:108CE80048484848FFFFFFFFD36500000060004088
:108CF800000000000000000000000000000000006C
:108D0800000000000000000000000000000000005B
:108D1800000000000000000000000000000000004B
:108D2800000000000000000000000000000000003B
:108D3800000000000000000000000000000000002B
:108D4800000000000000000000000000000000001B
:108D58000000000000000000000000000030024099
:108D680000000000000000000000000000000000FB
:108D780000000000000000000000000000000000EB
:108D880000000000000000000000000000000000DB
:108D980000000000000000000000000000000000CB
:108DA80000000000000000000000000000000000BB
:108DB80000000000000000000000000000000000AB
:108DC800000000000000000000000000000000009B
:108DD8001001002010010020000000000100000028
:108DE80020010020200100200000000001000000F8
:108DF800000000000000000000000000000000006B
:108E0800000000000000000000000000000000005A
:108E1800000000000000000000000000000000004A
:108E280000000000000000000000014000000000F9
:108E3800000000000000000000000000000000002A
:108E4800000000000000000000000000000000001A
:108E5800000000000000000000000000000000000A
:108E68000090D003FF00000090020000AC01002039
:0B8E7800AC0100200080008002FF0120
:0D8E830000000000000000000000000000E2
:048E900015E015E0F4
:0400000300002C3994
:00000001FF
